out_channels,iteration,rel_norms
16,0,"[0, 3.081759569756315e-10, 8.780100535510371e-10, 1.5709502587668567e-09, 2.4477424531710312e-09, 3.5704856848894906e-09, 4.939383568824951e-09, 7.587119377205909e-09, 9.207670181865524e-09, 1.1198926230804318e-08, 1.3542398313859394e-08]"
16,1,"[0, 2.1016455242772736e-09, 8.280161445384238e-09, 1.708526831123436e-08, 2.991898995219344e-08, 4.695130684240212e-08, 1.3414272871159483e-05, 1.3444114301819354e-05, 1.348613659502007e-05, 1.3525439499062486e-05, 1.3565984772867523e-05]"
16,2,"[0, 2.2199803106914828e-10, 6.784425243822056e-10, 1.0768868019539468e-09, 1.4556190697234683e-09, 2.126521181367025e-09, 2.9291573611089916e-09, 2.8226525046193274e-06, 2.823195472956286e-06, 4.016855200461578e-06, 4.019368134322576e-06]"
16,3,"[0, 1.9358035174832366e-09, 7.255589462573653e-09, 1.5526349983474574e-08, 2.7301046756633696e-08, 4.051047497455329e-08, 5.679160253180271e-08, 7.74859287844265e-08, 1.0245142334497359e-07, 1.4192766684573144e-05, 1.422358491254272e-05]"
16,4,"[0, 4.270087838875725e-09, 1.7020541420720292e-08, 3.9207701973964504e-08, 6.9553017567614e-08, 1.0625275592701655e-07, 1.522582948609852e-07, 2.070561890832323e-07, 2.6659418495000864e-07, 3.351162263243168e-07, 4.1306506659566367e-07]"
16,5,"[0, 9.531494482573066e-10, 3.4886449284954324e-09, 7.150768421837483e-09, 1.2615998024045894e-08, 1.913988256774246e-08, 2.8441652588639954e-08, 3.8488803255631865e-08, 3.4480106592127413e-07, 3.566717055036861e-07, 3.7001836972194724e-07]"
16,6,"[0, 6.310264810682753e-11, 2.58216531490163e-10, 4.869189496048421e-10, 8.096759929188124e-10, 1.1012573075674936e-09, 1.4857302055304444e-09, 1.8152489511535919e-09, 2.2759323314858193e-09, 2.812498234305849e-09, 3.4015723571201306e-09]"
16,7,"[0, 4.955948429419266e-10, 2.222072303936784e-09, 4.653053498060444e-09, 7.654577416360553e-09, 1.070787813972629e-08, 1.0437515385319784e-07, 1.1061272431334146e-07, 1.165409955206087e-07, 1.2347365441200964e-07, 1.3119979769271595e-07]"
16,8,"[0, 2.1625792268054056e-09, 8.07066591335115e-09, 1.803651628051739e-08, 3.088517175342531e-08, 5.112464407375228e-08, 7.14089694042741e-08, 2.5917686343746027e-06, 2.6280806650902377e-06, 1.4597405424865428e-05, 1.463180706195999e-05]"
16,9,"[0, 1.3827525791043627e-09, 4.770274841803257e-09, 1.046234476831387e-08, 1.758134438034631e-08, 2.834092640568997e-07, 2.949033728327777e-07, 3.0893460234437953e-07, 3.2428087592961674e-07, 4.1958622887250385e-07, 4.387224237234477e-07]"
16,10,"[0, 2.943730259552524e-10, 1.070814548143062e-09, 2.4911821494555397e-09, 3.9658787365226544e-09, 5.4959339301774435e-09, 7.703522264534968e-09, 1.0523364402104107e-08, 1.376736058489314e-08, 1.693625506504759e-08, 2.1112947834467377e-08]"
16,11,"[0, 1.1378578079757062e-09, 4.108636542099475e-09, 9.616613994012368e-08, 1.0264329119991089e-07, 1.1087308138257868e-07, 1.2037126850827917e-07, 1.314147652919928e-07, 1.454762212915739e-07, 1.5996721458577667e-07, 1.7436806842852093e-07]"
16,12,"[0, 2.4107604801315574e-09, 8.87675621896733e-09, 1.9287544006374446e-08, 3.3882059824463795e-08, 5.260366719994636e-08, 7.62887111704913e-06, 7.670049853913952e-06, 7.708540579187684e-06, 7.748000825813506e-06, 7.796098543622065e-06]"
16,13,"[0, 9.655494459526182e-11, 2.489535799732323e-10, 1.1091225360360113e-06, 1.1091245823990903e-06, 1.1095781928815995e-06, 1.1099743915110594e-06, 1.110454832087271e-06, 1.1111475259895087e-06, 1.1119402643089416e-06, 1.1126350045742583e-06]"
16,14,"[0, 9.951762747206772e-10, 2.890403694166821e-09, 1.3406771586232935e-06, 1.3440231896311161e-06, 1.349421609120327e-06, 9.204977686749771e-06, 9.206537470163312e-06, 9.209121344611049e-06, 9.214579222316388e-06, 9.223545930581167e-06]"
16,15,"[0, 1.7448334999059512e-09, 5.17221598883566e-09, 1.055641263292273e-08, 1.7202870239430013e-08, 2.5737879383314066e-08, 3.591324215790337e-08, 4.831443334296637e-08, 6.399383067900999e-08, 7.933795131975785e-08, 9.848891835417817e-08]"
16,16,"[0, 8.17671153008348e-10, 2.50841947213587e-09, 5.607779574035021e-09, 2.744775883911643e-06, 2.7490812044561608e-06, 2.7539358598005492e-06, 2.760459892670042e-06, 2.7695441531250253e-06, 2.7802980184787884e-06, 2.7897372092411388e-06]"
16,17,"[0, 5.549062320753251e-10, 2.0112567167274165e-09, 4.52250770166529e-09, 7.881705954559948e-09, 6.216689598659286e-06, 6.223694526852341e-06, 6.229034624993801e-06, 6.236239187273895e-06, 6.245114946068497e-06, 6.254505933611654e-06]"
16,18,"[0, 1.3853393987517393e-09, 4.9629758080982356e-09, 9.76915348616103e-09, 1.719858744309022e-08, 2.7633124233261697e-08, 3.7506811878529334e-08, 5.173231443222903e-08, 6.508089001044937e-08, 8.21482899482362e-08, 1.0255464388819746e-07]"
16,19,"[0, 2.253582598310544e-10, 6.776730843149892e-10, 1.368604674034657e-09, 1.1671015727188205e-06, 1.170806626760168e-06, 1.1734847475963761e-06, 1.1784958360294695e-06, 1.1822202168332296e-06, 1.1846417464767e-06, 1.1862824749186984e-06]"
16,20,"[0, 1.803463489657986e-09, 6.737360003228332e-09, 1.5021926813574282e-08, 2.6610907255530947e-08, 4.1437751008288615e-08, 5.995258334223763e-08, 8.194942324735166e-08, 1.0775880099345159e-07, 1.3707025914300175e-07, 1.680287908811806e-07]"
16,21,"[0, 5.886440224145417e-10, 1.0578066200750413e-09, 1.768753921105315e-09, 2.3851576269606767e-09, 3.511128943145536e-09, 4.819464383132299e-09, 6.275639119479592e-09, 8.099281245677048e-09, 1.057506970880695e-08, 1.2698669671351581e-08]"
16,22,"[0, 1.3665150122577074e-09, 5.085093448542466e-07, 5.147457500243036e-07, 5.234462037151388e-07, 5.341695441529737e-07, 5.474886961565062e-07, 5.632830379909137e-07, 5.804856755275978e-07, 5.989321039123752e-07, 6.213101642060792e-07]"
16,23,"[0, 2.4879365234653505e-10, 4.802403474890582e-10, 8.705531295838398e-10, 1.182900555285471e-09, 1.622899592490512e-09, 2.3113575498001637e-09, 2.7212696540601655e-09, 3.315505869849744e-09, 3.643372048500737e-09, 4.317606716597311e-09]"
16,24,"[0, 3.7040967515444834e-10, 1.1481265937973717e-09, 2.1441546316225413e-09, 3.777499202328727e-09, 5.783217460475498e-09, 8.243377536132357e-09, 1.0977824871361008e-08, 1.4849690366247614e-08, 1.8721685535183497e-08, 2.259838716156537e-08]"
16,25,"[0, 8.486847891120419e-10, 2.536275411912925e-09, 4.9763073661779345e-09, 8.698204823076594e-09, 1.311883757182386e-08, 1.861730147822982e-08, 2.5713802642712835e-08, 3.3859812731407146e-08, 4.2214225004499895e-08, 5.225356503046896e-08]"
16,26,"[0, 1.5614355364235166e-09, 2.3708222052221117e-09, 3.5994223157587157e-09, 4.848392354261932e-09, 5.987743634250364e-09, 8.495751657733308e-09, 9.398487321732318e-09, 1.1012081024830422e-08, 1.4043251006512492e-08, 1.7202012259076582e-08]"
16,27,"[0, 3.7625194626578207e-10, 1.4028134209809195e-09, 2.89908475004097e-09, 5.340168751644114e-09, 8.645076654545392e-09, 1.2400159121739307e-08, 1.666273341527358e-08, 2.1576445519144727e-08, 2.696534195933964e-08, 3.333489928536437e-08]"
16,28,"[0, 1.3184414671130185e-09, 5.091512988997238e-09, 1.0582382081736341e-08, 1.8837468473975605e-08, 2.8514836714066405e-08, 4.111854323696207e-08, 5.5631559803259734e-08, 7.256512191133879e-08, 9.151429480880324e-08, 1.1193542093224096e-07]"
16,29,"[0, 7.543392577247232e-10, 2.579580327122244e-09, 5.598191687994358e-09, 9.682726620496851e-09, 1.4763492650615717e-08, 2.1572652997292607e-08, 2.8817236596978546e-08, 3.7572085886949935e-08, 4.7844046946465824e-08, 5.8530417845759075e-08]"
16,30,"[0, 1.4356432709305977e-09, 5.781814707006561e-07, 2.101061454595765e-06, 2.1122680209373357e-06, 2.1260530047584325e-06, 2.1404998733487446e-06, 2.1592397843051003e-06, 2.1810510588693433e-06, 2.2037572762201307e-06, 2.23233291762881e-06]"
16,31,"[0, 1.2124234949340007e-10, 3.7073874525894723e-10, 7.454962758224326e-10, 1.1600284066659583e-09, 1.7152900211314659e-09, 2.359305417698465e-09, 3.3369595975329958e-09, 4.238517536947484e-09, 5.343880005170831e-09, 6.310178157775681e-09]"
16,32,"[0, 2.8159860554488603e-10, 1.0903842273535247e-09, 2.624246690174914e-06, 4.995608833269216e-06, 4.9975019464909565e-06, 4.999029897589935e-06, 4.998652457288699e-06, 4.997711130272364e-06, 4.998736130801262e-06, 5.0017874855257105e-06]"
16,33,"[0, 2.5162183447946518e-09, 8.603808332452445e-09, 1.648475134174987e-08, 3.0353987767739454e-08, 4.586875945733482e-08, 6.522578388512557e-08, 8.647461413602286e-08, 1.1160741308913202e-07, 1.3839141388416465e-07, 1.6795301860383915e-07]"
16,34,"[0, 1.8475887486602005e-09, 7.815341263039954e-09, 1.73095315858518e-08, 3.004002024908914e-08, 4.641351480927369e-08, 6.708252442422236e-08, 9.173908210868831e-08, 1.2554880868265172e-07, 1.5770308436913183e-07, 1.919070626854591e-07]"
16,35,"[0, 1.424720785792033e-09, 7.093075460318232e-09, 1.2637378254964915e-08, 2.2330358007138784e-08, 3.2940107530521345e-08, 4.50354633585448e-08, 5.9116924688851213e-08, 9.51319179876009e-07, 9.66634274846001e-07, 9.86645773082273e-07]"
16,36,"[0, 1.8434362369923463e-10, 6.434257016074696e-10, 1.6660369750454151e-09, 3.879454197885934e-06, 3.880041276715929e-06, 3.882251348841237e-06, 3.882626515405718e-06, 3.8847924770379905e-06, 3.885522801283514e-06, 3.8876960388734005e-06]"
16,37,"[0, 5.651816792351383e-10, 2.085644768001771e-09, 4.438346579149766e-09, 7.78392728051358e-09, 5.3546123126579914e-06, 5.3624621614289936e-06, 1.1449003068264574e-05, 1.145717851613881e-05, 1.1468331649666652e-05, 1.1480210559966508e-05]"
16,38,"[0, 6.437816391091644e-10, 1.3632195372537126e-09, 2.3246369273977052e-09, 2.9742428520052044e-09, 3.5468927794823912e-09, 4.3781152037070115e-09, 5.418703707960049e-09, 7.68995001010353e-09, 8.845987053973658e-09, 1.0637078773356734e-08]"
16,39,"[0, 4.612693338401641e-09, 1.802535010142492e-08, 4.074374260198965e-08, 1.1982548642208712e-07, 1.591801321865205e-07, 2.0339388129286817e-07, 2.587572396350879e-07, 3.1727847726870095e-07, 3.8342258790180495e-07, 4.581615939969197e-07]"
16,40,"[0, 8.260670480986221e-10, 2.541917343279465e-09, 4.782038764972185e-09, 7.692448455998147e-09, 1.126378368354608e-08, 1.6279843251254533e-08, 2.251124975316543e-08, 3.06059106947032e-08, 3.881215704382157e-08, 4.728401137299443e-08]"
16,41,"[0, 2.842081681109221e-09, 1.2056441178742716e-08, 2.5497884692526895e-08, 4.433766420675056e-08, 6.990599388245755e-08, 1.0131273597835389e-07, 1.3604545756606967e-07, 1.7706088328850456e-07, 2.268140519845474e-07, 2.785157562357199e-07]"
16,42,"[0, 9.438435588648986e-10, 2.3488526679216193e-09, 4.9310768801547056e-09, 7.592639406084345e-09, 1.1006213718189883e-08, 1.5275388065560946e-08, 2.1403534944397506e-08, 2.8057284495730528e-08, 3.5437967227380796e-08, 4.3745103539549746e-08]"
16,43,"[0, 1.5873835579327533e-09, 4.350769522432074e-09, 1.0317017462568856e-08, 1.8264865175865452e-08, 2.7606557040371626e-08, 3.853812913234833e-08, 5.082078757823183e-08, 6.405018382338312e-08, 8.157191189184232e-08, 9.839289560886755e-08]"
16,44,"[0, 4.722508495369482e-10, 9.844636217337666e-10, 3.379757572474773e-06, 3.3793551210692385e-06, 3.3798958156694425e-06, 3.378990186320152e-06, 3.3784767765610013e-06, 3.379445615792065e-06, 5.503223746927688e-06, 5.505194167199079e-06]"
16,45,"[0, 5.587279527929923e-10, 1.485637945997098e-09, 3.7034690869575115e-09, 5.010310832886944e-09, 6.777376881927921e-09, 1.0066857569768217e-08, 1.2246354152978256e-08, 1.6300027994020638e-08, 2.2909965480266692e-08, 2.5431386774243947e-08]"
16,46,"[0, 8.093419684440661e-11, 1.6324952500923473e-10, 2.4889185157306315e-10, 4.4047915315204023e-10, 6.458459878011524e-10, 8.397196271658913e-10, 1.2221208489648916e-09, 6.820098406024044e-06, 6.819453574280487e-06, 6.819362170062959e-06]"
16,47,"[0, 2.3461870224394943e-09, 1.0237192327622324e-05, 1.0254716471536085e-05, 2.453475826769136e-05, 2.4566965294070542e-05, 2.4609915271867067e-05, 4.654613803722896e-05, 4.6599892812082544e-05, 4.667114990297705e-05, 4.6732449845876545e-05]"
16,48,"[0, 4.2141673484152875e-10, 1.5661165697622437e-09, 3.4085982925091685e-09, 3.4227721812385425e-07, 3.457210482338269e-07, 3.5035091627833026e-07, 3.558083108146093e-07, 3.6152223970020714e-07, 3.683293527956266e-07, 3.7561662225016335e-07]"
16,49,"[0, 6.369679783624349e-11, 1.9251246430318503e-10, 3.089732081296148e-10, 4.2128817101527716e-10, 5.41538369702721e-10, 7.321950823424572e-10, 1.0153466956097645e-09, 1.293045337469323e-09, 1.481776146228242e-09, 1.7690311437945638e-09]"
32,0,"[0, 7.180128713812906e-10, 6.479357606004044e-10, 9.874059347936281e-10, 1.8018457836888047e-09, 3.1610034589846236e-09, 4.487997529167842e-09, 8.142984952996812e-09, 3.427193462357536e-08, 3.8528554568983964e-08, 4.317100277262398e-08]"
32,1,"[0, 3.4764549572408043e-10, 1.173375063778792e-09, 2.3012940442157515e-09, 7.376159683047945e-09, 8.607588419806689e-09, 1.2120324299758067e-08, 1.668482063621468e-08, 1.9783715998755724e-08, 2.0746686146821958e-08, 2.663299270011521e-08]"
32,2,"[0, 1.5481895765390163e-09, 5.42201705755474e-09, 1.3349662708606047e-08, 1.9661477779209235e-08, 3.441408225057785e-08, 1.8357599174123607e-06, 1.8553332665760536e-06, 1.8639372001416632e-06, 1.8833184185496066e-06, 1.9192955278413137e-06]"
32,3,"[0, 5.026561389342987e-10, 3.2237866776085866e-07, 8.06685193310841e-07, 8.067112275966792e-07, 8.073783419604297e-07, 5.234383934293874e-06, 5.236830475041643e-06, 5.243257874099072e-06, 5.250195954431547e-06, 5.260610123514198e-06]"
32,4,"[0, 1.5447471080065611e-09, 1.1054963167111964e-08, 1.2395887871718969e-08, 1.6370403699283997e-08, 1.943764260659009e-08, 2.6014754794800865e-08, 3.195216535800682e-08, 3.731834041786897e-08, 4.5247460889186186e-08, 7.57334760237427e-07]"
32,5,"[0, 2.0106044607004492e-10, 6.913594696733583e-10, 6.854410230516805e-07, 6.859689278826409e-07, 6.87002909671719e-07, 6.865964792268642e-07, 2.3238349058374297e-06, 2.32333741223556e-06, 2.3236798369907774e-06, 2.323831949979649e-06]"
32,6,"[0, 7.9675094299958e-10, 3.0673596995711705e-09, 4.211040504742414e-06, 4.217082278046291e-06, 4.226718829158926e-06, 4.233153958921321e-06, 5.1951442401332315e-06, 6.309116088232258e-06, 6.326816219370812e-06, 6.347702310449677e-06]"
32,7,"[0, 2.5829840488711397e-09, 5.125362356750429e-09, 8.394063399919105e-08, 8.36786071545248e-08, 8.726674138870294e-08, 9.319973770516299e-08, 1.0375415371299823e-07, 1.1024372525980652e-07, 2.7763881007558666e-06, 2.793924295474426e-06]"
32,8,"[0, 5.869972241612231e-08, 6.140246711083819e-08, 6.691013254567224e-08, 7.102300259020922e-08, 3.1429511437863766e-08, 5.8645778011623406e-08, 1.4436473350087908e-07, 1.772056208437789e-07, 7.30177362129325e-07, 1.6442739934063866e-06]"
32,9,"[0, 1.3898979887017049e-05, 1.3903753824706655e-05, 1.4250302911023027e-06, 1.3914315786678344e-05, 1.3918134754931089e-05, 1.391757086821599e-05, 1.4374813872564118e-05, 1.4376539184013382e-05, 1.4382286281033885e-05, 1.438141680409899e-05]"
32,10,"[0, 4.010248799701799e-10, 1.3410472732289236e-09, 3.9435552601219115e-09, 7.011792035882536e-07, 7.09677465238201e-07, 1.5142395568545908e-06, 1.5132820863072993e-06, 2.320470457561896e-06, 2.3273796614375897e-06, 2.3338541268458357e-06]"
32,11,"[0, 4.30236707371634e-10, 3.374819712576027e-08, 5.530547042553735e-08, 6.12891284390571e-08, 6.947141883983932e-08, 8.13284657397162e-08, 1.2033878249440022e-07, 1.4152543315049115e-07, 1.644194185246306e-07, 2.1740271449743886e-07]"
32,12,"[0, 1.1663573440401365e-09, 7.508709209957942e-09, 1.0036436606242205e-06, 1.0172182101086946e-06, 1.0239230050501646e-06, 1.0516910151636694e-06, 1.0937798151644529e-06, 1.1236055570407188e-06, 1.8620709170136251e-06, 1.9004756950380397e-06]"
32,13,"[0, 3.9172487475980233e-10, 2.4624608840895235e-07, 2.5098367473219696e-07, 2.5450103180446604e-07, 2.559474125973793e-07, 2.608316549412848e-07, 2.7146273851030855e-07, 2.8925146011715697e-07, 2.956181504032429e-07, 3.039942555460584e-07]"
32,14,"[0, 3.240822610273142e-10, 2.3114152813974442e-09, 3.778884316574249e-09, 6.584697676004225e-09, 8.836820164503933e-09, 1.8565078363508292e-08, 2.3799296755555588e-08, 4.0134690237891846e-08, 4.291674571277326e-08, 6.665609220135593e-08]"
32,15,"[0, 8.055610623003417e-10, 8.075727864209625e-10, 1.7033293664425742e-09, 2.8284965480906976e-09, 2.8074063074257083e-09, 3.277675242330247e-09, 5.173274253422733e-09, 8.11298672687144e-09, 1.0628682822755309e-08, 1.541505945112931e-08]"
32,16,"[0, 1.8854821064451244e-06, 1.911399749587872e-06, 2.041316065515275e-06, 2.340484115848085e-06, 2.4190098883991595e-06, 7.890253982623108e-06, 6.50373522148584e-06, 8.142607839545235e-06, 8.385733053728472e-06, 8.554959094908554e-06]"
32,17,"[0, 1.8869023961087805e-06, 2.181005356760579e-06, 2.18511490857054e-06, 2.191924295402714e-06, 2.1986791125527816e-06, 2.2093968254921492e-06, 2.2199840259418124e-06, 2.2275789888226427e-06, 2.2501221792481374e-06, 2.257964069940499e-06]"
32,18,"[0, 3.6921346535656596e-10, 1.6952639292355798e-09, 2.046337765904127e-09, 5.3403219624215126e-09, 7.612661612199645e-09, 6.921349715582892e-09, 8.290856889914267e-09, 1.1232278218642477e-08, 3.1986789394977677e-07, 3.2676314276613994e-07]"
32,19,"[0, 7.147733516177368e-10, 4.003110376515906e-08, 4.1274905271393436e-08, 4.340879655728713e-08, 4.44101040386613e-08, 4.5554727989838284e-08, 4.9447901773191916e-08, 5.8124324908703784e-08, 6.252977868825838e-08, 7.554781689123047e-08]"
32,20,"[0, 4.4705568136294005e-09, 8.267820206242504e-09, 1.6393661539382265e-08, 2.2358340956429856e-08, 1.26453096527257e-06, 4.383137408581206e-08, 6.802173402320477e-08, 7.964498394130715e-08, 8.687965902254291e-08, 9.416866220135489e-08]"
32,21,"[0, 2.791614994723801e-10, 5.329132135578618e-10, 1.6828442994665238e-07, 1.0969780532832374e-06, 1.0996609489666298e-06, 1.1034356930395006e-06, 2.644488176883897e-06, 2.6551315386313945e-06, 2.6653206077753566e-06, 2.6708696623245487e-06]"
32,22,"[0, 4.807823583696802e-10, 1.9561969111236976e-07, 1.9592032174386986e-07, 1.9841391463160107e-07, 2.0294142188959086e-07, 7.936030499422486e-08, 8.322666644744459e-08, 8.849308841263337e-08, 1.0075331147163524e-07, 1.1020624413049518e-07]"
32,23,"[0, 1.1256723331243279e-10, 1.4717238538963784e-09, 2.5899600242240695e-09, 5.108124589980889e-09, 7.400690726910852e-09, 3.7860763768549077e-07, 3.8083263120824995e-07, 3.811016426880087e-07, 1.6100806305985316e-06, 1.6139042600116227e-06]"
32,24,"[0, 1.382425951490518e-09, 5.5421351952134046e-09, 1.6665535440552048e-07, 1.7509523786429781e-07, 1.7885524528082897e-07, 1.8814128566191357e-07, 9.231172271029209e-07, 9.295443987866747e-07, 9.620417813493987e-07, 9.776631486602128e-07]"
32,25,"[0, 2.9884006380598294e-10, 1.3055369008085904e-09, 4.913694784391964e-09, 9.628669417338642e-09, 1.4126796621383164e-08, 1.864505527748861e-08, 2.5505169531925276e-08, 2.6844170406548074e-06, 2.703537575143855e-06, 2.7159312594449148e-06]"
32,26,"[0, 3.9405578800000285e-10, 8.545117946567871e-10, 1.3428388401237612e-09, 1.4687359106702047e-09, 8.052467137531494e-08, 8.214459512601024e-08, 8.34020070783481e-08, 8.528657247097726e-08, 8.792749639496833e-08, 3.535771213591943e-07]"
32,27,"[0, 2.4518873598111668e-09, 1.110953284921834e-08, 3.4097350720685426e-08, 1.9218094848838518e-07, 7.527948042707067e-08, 6.69371593176038e-06, 6.711895821354119e-06, 7.340117917919997e-06, 8.089148764156562e-07, 7.551831913588103e-06]"
32,28,"[0, 3.0286731456108384e-10, 1.6424356319433286e-09, 5.307850159397276e-09, 2.3258360215550056e-07, 4.6693895683347364e-07, 4.7300574124164996e-07, 4.768967301060911e-07, 4.831447313335957e-07, 4.905799642074271e-07, 4.935548645335075e-07]"
32,29,"[0, 8.508431181830645e-10, 2.5319168983628515e-09, 9.671846434855524e-09, 2.1662788896037455e-08, 3.316750394333212e-07, 5.364684056985425e-07, 5.472043653753644e-07, 5.566338927565084e-07, 5.773860038971179e-07, 5.943745691183722e-07]"
32,30,"[0, 7.823046210830853e-09, 1.6034814365184502e-08, 1.4665091612187098e-06, 3.7099418932484696e-06, 5.866172159585403e-06, 7.550462214567233e-06, 5.9761932789115235e-06, 5.999781478749355e-06, 8.254996828327421e-06, 8.913667443266604e-06]"
32,31,"[0, 1.0170198017078746e-09, 3.011655147489023e-09, 5.224498611511308e-09, 6.162744536908349e-09, 1.1585747472508956e-08, 1.5003973174998464e-08, 2.4050025970723254e-08, 3.335027543016622e-08, 1.1576127008083859e-06, 1.1741122989405994e-06]"
32,32,"[0, 2.515909980349562e-10, 6.998462365181979e-10, 2.8122457695900493e-09, 3.746412513550013e-09, 3.5349765337144845e-09, 5.10477571324941e-09, 6.208223268799884e-09, 5.393233415418308e-09, 8.34605629052021e-09, 8.926435590694837e-09]"
32,33,"[0, 3.024991090949669e-10, 6.139652786174565e-09, 5.509396494574048e-09, 8.541115370519492e-09, 1.1009232636638444e-08, 1.3596800130244446e-08, 5.555041298066499e-07, 5.642385758619639e-07, 5.651699552799982e-07, 5.70106578834384e-07]"
32,34,"[0, 4.4598347237467806e-10, 8.442158638821695e-10, 1.7176345901148693e-09, 2.7748501452151686e-06, 2.7764012884290423e-06, 2.777511326712556e-06, 2.7838705136673525e-06, 2.7947819489781978e-06, 2.8016913802275667e-06, 3.884005309373606e-06]"
32,35,"[0, 1.7101727811663636e-09, 1.3427951195410515e-08, 2.1613383083263216e-08, 3.9767832049619756e-07, 4.185967839021032e-07, 4.25091769784558e-07, 4.6350308480214153e-07, 1.872541474767786e-06, 1.912898142109043e-06, 1.9489395981509006e-06]"
32,36,"[0, 6.397875118580032e-09, 6.473134703810501e-07, 6.12946067235498e-08, 1.0428000507545221e-07, 1.1834303847990668e-07, 1.5890535109974735e-07, 3.225517275495804e-06, 3.266568910476053e-06, 3.321354142826749e-06, 6.6576862991496455e-06]"
32,37,"[0, 5.493647203813623e-10, 2.0279797841027403e-09, 4.963581545780471e-09, 9.353236407605436e-09, 4.2644753506237976e-08, 4.653308849356108e-08, 5.3932943444578996e-08, 5.471021324865433e-08, 5.929621238465188e-08, 6.887689352197413e-08]"
32,38,"[0, 7.036797811110773e-10, 2.7108315592272447e-09, 3.9617373204237083e-07, 4.003063622803893e-07, 4.106515518742526e-07, 4.1639938785920094e-07, 4.276870697594859e-07, 4.37286644228152e-07, 4.5744334897790395e-07, 5.502917019839515e-07]"
32,39,"[0, 7.162370962987552e-08, 7.543067681581306e-08, 7.812880653546017e-08, 3.0721139410161413e-07, 3.0998066335996555e-07, 4.4890759909321787e-07, 4.612101065504248e-07, 4.751740334540955e-07, 4.852082611250808e-07, 4.994278697267873e-07]"
32,40,"[0, 7.753426416456932e-07, 7.824487511243206e-07, 7.871188927310868e-07, 7.859885045036208e-07, 7.931274126349308e-07, 2.6132627226616023e-06, 2.659964138729265e-06, 2.6716970751294866e-06, 2.690665041882312e-06, 2.705169436012511e-06]"
32,41,"[0, 3.350504873544935e-10, 1.0124051641469123e-07, 1.011077443990871e-07, 1.0177358689134053e-07, 1.0106178649493813e-07, 1.0080989909511118e-07, 1.001544873702187e-07, 1.009685135500149e-07, 1.0119124738139362e-07, 1.0164394126377374e-07]"
32,42,"[0, 2.329522130750661e-10, 1.3309957580531773e-08, 1.3480722316216998e-08, 1.3944666754639456e-08, 1.4161388506295225e-08, 1.4322241170816596e-08, 1.513854108736723e-08, 1.5599923131048854e-08, 3.0126441288302885e-06, 3.0132862320897402e-06]"
32,43,"[0, 2.633757434367112e-09, 2.3286620489670895e-06, 2.2855751069528196e-08, 8.389637429218055e-08, 2.4189430405385792e-06, 2.4245327949756756e-06, 2.4509461127308896e-06, 2.4821435999911046e-06, 2.5255244509025943e-06, 2.577736495368299e-06]"
32,44,"[0, 1.393883786171557e-09, 3.2696263474463194e-07, 3.3149856903946784e-07, 3.3511955166432017e-07, 3.417246148273989e-07, 3.55998537315827e-07, 3.6823806226493616e-07, 3.7710643141508626e-07, 3.8474749430861266e-07, 4.047957418151782e-07]"
32,45,"[0, 3.2580024789119477e-10, 1.7738948088208417e-09, 7.644875950063579e-07, 7.672213087062119e-07, 1.169529362243793e-08, 1.7538743790623812e-08, 2.4999494030453207e-08, 3.368193901565064e-08, 4.568457967479844e-08, 5.220360321800399e-08]"
32,46,"[0, 9.895719585983898e-07, 4.339388397056609e-06, 4.3541313061723486e-06, 4.3630516302073374e-06, 4.387274202599656e-06, 4.418264325067867e-06, 4.45141540694749e-06, 4.481884388951585e-06, 4.510745839070296e-06, 4.54410246675252e-06]"
32,47,"[0, 1.32819610865198e-09, 7.009684832581797e-09, 1.6778555433916154e-08, 3.045842689175515e-08, 6.618270020908312e-08, 8.944784468667422e-08, 1.0576756181990277e-07, 1.2773016067058052e-07, 2.504222891275276e-07, 5.369991413317621e-06]"
32,48,"[0, 3.781385482515276e-10, 2.0074264472924597e-09, 4.588311952602453e-09, 6.1998339795366064e-09, 7.140645852388161e-09, 1.2507054059085476e-08, 1.5432901179224245e-08, 1.83060073766228e-08, 2.74052922577539e-07, 2.811341630604147e-07]"
32,49,"[0, 1.5672479980466392e-09, 5.501801751961466e-06, 7.127082881197566e-06, 7.157152140280232e-06, 2.0974814560759114e-06, 2.1299852051015478e-06, 2.1602197648462607e-06, 2.1808300516568124e-06, 2.2153942609293154e-06, 2.2499139049614314e-06]"
64,0,"[0, 7.274194580020321e-10, 3.748702681605209e-09, 5.77240598431672e-07, 1.2478818689487525e-06, 1.903631527966354e-06, 1.9197320852981647e-06, 1.9316230464028195e-06, 1.9731689917534823e-06, 2.3308118670684053e-06, 2.348565203647013e-06]"
64,1,"[0, 2.579553282089364e-08, 5.300693715071247e-07, 7.918614528534818e-07, 8.577358130423818e-07, 9.09647553726245e-07, 9.256114026356954e-07, 9.35327761908411e-07, 9.516823524791107e-07, 9.682084964879323e-07, 1.497936068517447e-06]"
64,2,"[0, 1.1648267905783882e-09, 4.592886071463909e-09, 1.3526160635990436e-08, 1.1274149755990948e-06, 1.1390390000087791e-06, 1.1504637313919375e-06, 2.005148189709871e-06, 2.0254506125638727e-06, 2.0600145944627e-06, 2.0822417354793288e-06]"
64,3,"[0, 6.363017632793344e-07, 6.61254432543501e-07, 6.789518920413684e-07, 7.554374406026909e-07, 7.795153464940086e-07, 7.858581057007541e-07, 1.0696500112317153e-06, 1.0789050293169566e-06, 1.0849208820218337e-06, 1.0977090596497874e-06]"
64,4,"[0, 2.9460150985372024e-10, 3.9051320510630205e-10, 3.945771354096905e-08, 1.7152692066702002e-07, 1.723170868217494e-07, 6.008589252815e-07, 6.241157279873732e-07, 6.256290703277045e-07, 6.269517029977578e-07, 6.332483053483884e-07]"
64,5,"[0, 4.672748299405782e-10, 1.544645300555203e-09, 3.999971021073634e-09, 6.76337164051688e-09, 9.049574423158901e-09, 1.386960146732008e-08, 1.4669143233447812e-08, 1.090120491653579e-07, 1.2865184544352815e-06, 1.2879385167252622e-06]"
64,6,"[0, 6.862323687073513e-08, 7.326742945679143e-08, 8.706128795665791e-08, 3.029554136446677e-07, 1.9232127215218497e-06, 1.9458627775748027e-06, 1.976957719307393e-06, 2.0095299078093376e-06, 2.0517334178293822e-06, 2.100622850775835e-06]"
64,7,"[0, 9.224109254191148e-10, 2.274721300210558e-09, 1.1223701790186169e-07, 1.1718849890485217e-08, 1.2422951556345652e-07, 1.3458181058467744e-07, 2.5356672495036037e-07, 1.971692427105154e-07, 2.0314689663791796e-07, 2.172871091943307e-07]"
64,8,"[0, 1.796615407556601e-07, 1.8342119290082337e-07, 1.8954170855067787e-07, 1.9588449617913284e-07, 2.0442084291971696e-07, 2.1632011737438006e-07, 2.2507440178287652e-07, 2.363405968708321e-07, 2.5291438987551373e-07, 2.836118540017196e-07]"
64,9,"[0, 2.6398956265438756e-07, 2.9096597131683666e-07, 3.349935866481246e-07, 3.527715080053895e-07, 1.3003042340642423e-06, 1.3582787232735427e-06, 1.5091014802237623e-06, 2.139332082151668e-06, 2.114350991178071e-06, 2.2368280951923225e-06]"
64,10,"[0, 1.373043829744347e-07, 1.3732233128394e-07, 1.3882966243272676e-07, 1.893688903464863e-07, 1.94316143620199e-07, 3.6901758448948385e-07, 3.7461387591974926e-07, 4.803400202035846e-07, 4.824959773941373e-07, 4.1761072111512476e-07]"
64,11,"[0, 2.3513815339271105e-09, 1.729922871618328e-07, 2.1363398161611258e-07, 2.2263711230152694e-07, 2.396237448465399e-07, 2.4956929678410233e-07, 2.717917197969655e-07, 5.910173968004528e-07, 6.07173319622234e-07, 6.302684596448671e-07]"
64,12,"[0, 6.459454082730076e-10, 2.3334767451643756e-09, 1.0874929046167381e-07, 5.024245410822914e-07, 5.064183596914518e-07, 4.1736262801350676e-07, 4.343546322616021e-07, 4.4851529423795e-07, 4.620042943770386e-07, 4.940791313856607e-07]"
64,13,"[0, 9.128529931956564e-09, 1.4179534879588118e-08, 2.653969666255307e-08, 5.90255694987718e-07, 6.054829668755701e-07, 6.688154599032714e-07, 6.835774684077478e-07, 8.583112958149286e-07, 8.929490604714374e-07, 9.295395670960716e-07]"
64,14,"[0, 1.1693671808643558e-07, 1.5168487266237207e-07, 1.5533241537468712e-07, 2.7081156872554857e-07, 2.8239981020306004e-07, 4.392127266328316e-07, 4.4724757231051626e-07, 3.797380259129568e-07, 5.049555511504877e-07, 5.133665013090649e-07]"
64,15,"[0, 3.767378908836605e-10, 3.6721087326441193e-07, 3.6872012287858524e-07, 4.785802616424917e-07, 5.311426889420545e-07, 9.029718057718128e-07, 9.115667580772424e-07, 9.153359314950649e-07, 9.325248129243846e-07, 1.189084969155374e-06]"
64,16,"[0, 3.864371878048445e-10, 2.307656954414483e-09, 4.931305586097778e-09, 6.889274928312261e-09, 3.2512303960174904e-08, 3.67953703062085e-08, 6.424136245186673e-08, 3.8820240888526314e-07, 4.3677590610968764e-07, 4.358406897608802e-07]"
64,17,"[0, 1.2447459729614252e-09, 7.3923160925915e-09, 5.451177571558219e-07, 5.528478368432843e-07, 1.711169147711189e-06, 1.7167061514555826e-06, 1.7308932456217008e-06, 1.7507231859781314e-06, 1.8813196902556228e-06, 1.918202542583458e-06]"
64,18,"[0, 5.433731757875648e-07, 5.441930852612131e-07, 5.45344789770752e-07, 5.468726271828928e-07, 1.8133659978047945e-06, 1.8195712527813157e-06, 1.8209096879218123e-06, 1.8256156408824609e-06, 2.3404602416121634e-06, 2.3537816105090315e-06]"
64,19,"[0, 2.5561305960764e-07, 2.559159213433304e-07, 2.5610441412027285e-07, 2.5654500745986297e-07, 2.576680913080054e-07, 2.5802992809076386e-07, 2.592748558072344e-07, 2.6089733751177846e-07, 3.9575428445459693e-07, 4.6623975435977627e-07]"
64,20,"[0, 9.527800770570138e-11, 3.8823680381661063e-10, 1.4042312868056683e-09, 3.0301261499943166e-09, 6.21122211441616e-08, 6.461077362018841e-08, 6.901643700985005e-08, 4.0039091686594475e-07, 1.0310859579476528e-06, 7.003171162978106e-07]"
64,21,"[0, 4.129348862846882e-09, 1.6310723438550667e-08, 3.2110884262692707e-07, 3.420041139179375e-07, 1.4722688774782e-06, 1.5562347925879294e-06, 1.6091350971692009e-06, 1.6391877579735592e-06, 1.6975765220195171e-06, 1.9755016182898544e-06]"
64,22,"[0, 1.8043600391592918e-07, 2.06413218961643e-07, 2.2210737427030836e-07, 2.3101435431271966e-07, 2.3172330543275166e-07, 2.3262413151314831e-07, 3.1232980290951673e-07, 3.9674708318671037e-07, 7.824070848982956e-07, 7.874115226513823e-07]"
64,23,"[0, 2.0447910031862193e-09, 4.066568415339589e-09, 9.633519759688625e-09, 3.6026985839043846e-08, 4.97120176135013e-08, 2.200813185027073e-07, 6.120131956777186e-07, 6.260186182771577e-07, 6.50544620839355e-07, 6.674662813566101e-07]"
64,24,"[0, 1.5420812404798312e-09, 1.2795931070286315e-07, 1.3518450714400387e-07, 1.442456465383657e-07, 1.7431285925795237e-07, 1.8042123883788008e-07, 2.1998565102876455e-07, 2.0642077913635148e-07, 4.5006524374002765e-07, 4.6339206960510637e-07]"
64,25,"[0, 2.7837797844654233e-08, 2.507601903900536e-09, 6.474072620221705e-07, 6.761664508303511e-07, 6.789902613490995e-07, 6.844298354735656e-07, 1.0123857236976619e-06, 1.0207878631263156e-06, 1.0304393072146922e-06, 2.130326947735739e-06]"
64,26,"[0, 3.388960863048851e-07, 7.486971185244329e-07, 1.5495317029490252e-06, 1.5525520211667754e-06, 1.9059482383454451e-06, 1.919933311000932e-06, 2.0113377559027867e-06, 2.0215600216033636e-06, 2.024710056502954e-06, 2.541671619837871e-06]"
64,27,"[0, 4.798409349859867e-07, 4.809439246855618e-07, 7.608347232235246e-07, 8.405990570281574e-07, 8.458727052129689e-07, 8.481190434395103e-07, 1.8044211174128577e-06, 2.0280472199374344e-06, 2.0314935227361275e-06, 2.0408083400980104e-06]"
64,28,"[0, 3.934140235806183e-10, 7.235767096602785e-09, 9.063489514460343e-09, 1.188079234992756e-08, 8.225359238167584e-07, 8.310652219734038e-07, 8.379336691177741e-07, 8.424424322583945e-07, 8.519423886355071e-07, 8.647722893329046e-07]"
64,29,"[0, 4.257390273654238e-10, 1.8644954469237973e-09, 4.823699217837429e-09, 9.496019970356429e-09, 1.5272025422063962e-08, 2.852471503445031e-08, 4.272201437061085e-08, 5.3909868569235186e-08, 1.3556154954130761e-06, 1.4858034091957961e-06]"
64,30,"[0, 1.1275309574898529e-08, 2.0413918377926166e-07, 2.0662386646108644e-07, 2.093209303666299e-07, 2.1278756889842043e-07, 2.1817673712121177e-07, 2.205754583428643e-07, 2.2728316650955094e-07, 2.3613650057541236e-07, 2.3230204249102826e-07]"
64,31,"[0, 1.6869410035535992e-10, 8.371126014594665e-10, 2.811543424741103e-07, 4.601622549671447e-07, 6.845031066404772e-07, 6.838195076852571e-07, 7.61754677114368e-07, 7.647721531611751e-07, 7.681704801143496e-07, 2.4006351395655656e-06]"
64,32,"[0, 1.7183955947075447e-07, 1.7721437473028345e-07, 1.0897817901422968e-06, 1.251839307769842e-06, 1.2578896075865487e-06, 2.474420170983649e-06, 2.5902927518473007e-06, 2.602468157419935e-06, 2.8854656193288974e-06, 3.2996856589306844e-06]"
64,33,"[0, 1.9454510225003219e-10, 7.012155300856193e-10, 1.220090553033515e-07, 1.2351851808034553e-07, 8.943522971094353e-07, 9.30770227114408e-07, 9.345346825284651e-07, 9.336972652818076e-07, 9.36452863697923e-07, 9.40743348110118e-07]"
64,34,"[0, 1.0264648020452682e-09, 5.422133995125478e-07, 9.77151785264141e-07, 1.063452145899646e-06, 1.1013837593054632e-06, 2.3472127850254765e-06, 2.3393947685690364e-06, 3.2734960768721066e-06, 3.342134959893883e-06, 3.349203325342387e-06]"
64,35,"[0, 1.6082339904244236e-09, 8.130395912075983e-09, 1.2798689219550852e-08, 2.257238485015023e-08, 4.119607766028821e-08, 7.333226648142954e-08, 8.831973730138998e-08, 1.0404703942867854e-07, 1.1737021310409546e-07, 1.51291729366676e-07]"
64,36,"[0, 3.7608071323802506e-08, 4.829582778143049e-08, 8.225310921261553e-07, 8.35348259897728e-07, 1.2968929468115675e-06, 8.706307994543749e-07, 1.7358049717586255e-06, 2.116664518325706e-06, 1.8260192291563726e-06, 1.4087523823036463e-06]"
64,37,"[0, 4.902825168073832e-08, 4.946115339521384e-08, 5.1652158106207935e-08, 8.299599585370743e-08, 1.284603740714374e-06, 1.2897129408884211e-06, 1.2901075479021529e-06, 1.2957650596945314e-06, 1.2995362794754328e-06, 1.3101150670991046e-06]"
64,38,"[0, 5.434019385575084e-07, 1.1879911454570902e-07, 1.2815273464639176e-07, 2.5737338660292153e-07, 1.5699200162089255e-07, 2.9626824016304454e-07, 3.239525199205673e-07, 5.501461828316678e-07, 5.850342859048396e-07, 6.219077590685629e-07]"
64,39,"[0, 5.699603278230825e-08, 2.717933966778219e-07, 2.2823449796760542e-07, 1.1266560022704653e-06, 1.1964551731580286e-06, 1.1983094054812682e-06, 1.2577136203617556e-06, 1.2128832622693153e-06, 1.2316722859395668e-06, 1.3331914487935137e-06]"
64,40,"[0, 3.862686170919005e-08, 3.894298217232972e-08, 3.95780652695521e-08, 4.1721261112570573e-08, 4.4418474232088556e-08, 7.569381565986077e-09, 1.0380794890352263e-08, 1.1087588625002809e-08, 3.2818398665313e-08, 3.735648235192457e-08]"
64,41,"[0, 2.760376371924167e-10, 4.099533157386759e-09, 3.530119840888801e-08, 3.568231221606766e-08, 3.585957841778509e-08, 7.035489488771418e-07, 7.04382784988411e-07, 7.05835816461331e-07, 7.061881888148491e-07, 7.06489629465068e-07]"
64,42,"[0, 4.226619498837181e-09, 1.1498752172656168e-08, 2.3878525823306518e-08, 4.0825305802627554e-08, 4.915981577369166e-08, 7.689788361631145e-08, 1.1857811443860555e-07, 1.359505006348627e-07, 2.789058726193616e-07, 3.02405624097446e-07]"
64,43,"[0, 6.655264428445662e-07, 6.77541095228662e-07, 7.082181809892063e-07, 8.439945418103889e-07, 8.772734645390301e-07, 2.4065245725068962e-06, 2.480658167769434e-06, 2.601831511128694e-06, 2.666347199919983e-06, 2.749062332441099e-06]"
64,44,"[0, 2.779382235473804e-08, 7.265878565476669e-08, 9.11634288058849e-08, 1.1428043933392473e-07, 1.248959193844712e-07, 1.7062559720670833e-07, 2.1927885995864926e-07, 2.66451706920634e-07, 3.345858772263455e-07, 4.09919380217616e-07]"
64,45,"[0, 2.453030276683421e-07, 2.577317843588389e-07, 2.5918058099705377e-07, 2.9372233711910667e-07, 3.19067169129994e-07, 2.2195679605374607e-07, 2.2694699453040812e-07, 3.057025992347917e-07, 3.149432927784801e-07, 3.28786853742713e-07]"
64,46,"[0, 4.254163954442447e-08, 4.934969766168251e-08, 7.125834855514768e-08, 3.8899489851473845e-08, 4.654507890222703e-08, 9.725992811127071e-08, 1.1999355820080382e-07, 3.00775553796484e-07, 3.334153291234543e-07, 5.654283654621395e-07]"
64,47,"[0, 1.3395197451249174e-10, 6.894677051505482e-10, 1.106226719116421e-07, 1.1262650190246859e-07, 1.1508612374200311e-07, 1.2103571123134316e-07, 1.2380914427012613e-07, 1.2772380841852282e-07, 1.315101911814054e-07, 1.375883726950633e-07]"
64,48,"[0, 6.449509815098509e-10, 1.1038626679393815e-09, 1.127650528509605e-09, 1.1670993416146302e-07, 1.1921518705548806e-07, 1.2449954738258384e-06, 1.2431266895873705e-06, 1.2446998880477622e-06, 1.248531816600007e-06, 1.2493006806835183e-06]"
64,49,"[0, 1.012315342663328e-09, 2.952750399742854e-08, 3.085389366219715e-08, 3.261579806235204e-08, 3.253773783740144e-08, 3.2721494847010035e-08, 2.398844287654356e-07, 2.392431497355574e-07, 2.407687418326532e-07, 2.695154819321033e-07]"
128,0,"[0, 1.7178372502257844e-08, 1.218979264194786e-07, 1.2224825240991777e-07, 4.881675863543933e-07, 1.101357270272274e-06, 1.1429348205638235e-06, 1.2139890941398335e-06, 1.2162837492724066e-06, 1.4752671404494322e-06, 1.9372357655811356e-06]"
128,1,"[0, 1.0127310900998054e-07, 3.0201374556781957e-07, 2.725187187024858e-07, 3.0991327548690606e-07, 3.5307220969116315e-07, 5.344264764062245e-07, 9.213502494276327e-07, 1.2531246511571226e-06, 1.180603703687666e-06, 1.1936107284782338e-06]"
128,2,"[0, 1.209921607348008e-10, 6.503864113938107e-08, 1.7084191483718314e-07, 1.7135324981154554e-07, 1.7177147526581393e-07, 2.0338659112439927e-07, 3.115776223694411e-07, 4.1717865428836376e-07, 4.1706928755047556e-07, 4.1789704141592665e-07]"
128,3,"[0, 6.388847850757884e-08, 6.5110647540223e-08, 1.9542090967661352e-07, 2.0085207097508828e-07, 2.0644222331611672e-07, 2.1899988666973513e-07, 2.3530434134499956e-07, 2.4237320417341834e-07, 2.54214370443151e-07, 2.591980887700629e-07]"
128,4,"[0, 8.636595794087043e-08, 2.619975418838294e-07, 3.878675443047541e-07, 5.648322485285462e-07, 5.748110538661422e-07, 6.463508839260612e-07, 6.63788057408965e-07, 7.284638741111849e-07, 7.402222195196373e-07, 7.503500114580675e-07]"
128,5,"[0, 1.0166665731503599e-07, 1.0551426044003165e-07, 1.229720965056913e-07, 1.82148312433128e-07, 4.871976102549525e-07, 8.918121352508024e-07, 1.1078788020313368e-06, 1.3183591818233253e-06, 1.5358135669885087e-06, 1.6524390957783908e-06]"
128,6,"[0, 6.236962335481877e-11, 7.623728315309108e-09, 5.440886141627743e-08, 5.462347374418641e-08, 1.7677109553915216e-07, 3.1418989010489895e-07, 2.2536559640684573e-07, 3.438144347001071e-07, 3.465625866283517e-07, 3.486858872747689e-07]"
128,7,"[0, 1.8156950432057783e-07, 1.831172227184652e-07, 1.8531852674641414e-07, 1.9014358088043082e-07, 2.7879792696694494e-07, 3.355208093580586e-07, 3.946924209685676e-07, 3.9717110666970257e-07, 4.0701220882510825e-07, 3.433248139117495e-07]"
128,8,"[0, 7.963314452297254e-09, 8.127749140385276e-09, 1.7141218222604948e-08, 5.5311947022573804e-08, 5.6199990439154135e-08, 9.253575683487725e-08, 1.496652686228117e-07, 2.349816838886909e-07, 3.133972370505944e-07, 3.803567665272567e-07]"
128,9,"[0, 2.8423441378322423e-08, 2.8430834575488007e-08, 3.333058273824463e-08, 2.545744237636427e-08, 1.337248392019319e-07, 1.605192352371887e-07, 2.434840951082151e-07, 2.4332467774002e-07, 2.918336861057469e-07, 3.516362880873203e-07]"
128,10,"[0, 4.0834219561247664e-08, 1.999603824742735e-07, 5.074170985608362e-07, 5.134998559697124e-07, 5.755668439633155e-07, 9.264913387596607e-07, 9.812423513722024e-07, 1.0492714181964402e-06, 1.1173060556757264e-06, 1.3007905863560154e-06]"
128,11,"[0, 1.5489531790535693e-07, 1.555202970848768e-07, 1.7398203056018247e-07, 4.3964294604847964e-07, 1.0003426496041357e-06, 1.073084604286123e-06, 1.0771723282232415e-06, 1.0899465223701554e-06, 1.146260046880343e-06, 1.1711188108165516e-06]"
128,12,"[0, 2.0596525018845568e-07, 4.982018708687974e-07, 5.021036599828221e-07, 5.350872243070626e-07, 6.316048484222847e-07, 6.816177915425214e-07, 6.881822400828241e-07, 6.536717478411447e-07, 8.09550783742452e-07, 8.880144264367118e-07]"
128,13,"[0, 2.0586666948929633e-07, 2.1488322943241656e-07, 2.2058220849885402e-07, 7.086526920829783e-07, 7.771241712362098e-07, 8.770916224420944e-07, 7.822644647603738e-07, 8.789692174104857e-07, 1.0306813464922016e-06, 1.3461637990985764e-06]"
128,14,"[0, 1.0235233105504449e-07, 1.3736547543885536e-07, 2.889400150252186e-07, 2.9997548267601815e-07, 4.479688016090222e-07, 5.062184413873183e-07, 5.826660185448418e-07, 6.09599510426051e-07, 7.678597739868565e-07, 1.2843896683989442e-06]"
128,15,"[0, 7.781673083684382e-10, 1.5724347690593277e-07, 1.606646122809252e-07, 2.944396442217112e-07, 3.360268010510481e-07, 3.654913598438725e-07, 1.228759629157139e-06, 1.244251961907139e-06, 1.3128830005371128e-06, 1.3297649275045842e-06]"
128,16,"[0, 1.2612123612143478e-07, 3.004916209192743e-07, 5.240283940111112e-07, 7.115289122339163e-07, 7.154925469876616e-07, 8.457467401967733e-07, 8.508525866091077e-07, 8.71444683525624e-07, 8.753827387408819e-07, 9.076251785700151e-07]"
128,17,"[0, 2.808209487170643e-08, 1.5469858283267968e-07, 1.5650002183065226e-07, 1.4519872593155014e-07, 1.7912650207563274e-07, 2.452731848734402e-07, 1.970813769958113e-07, 2.0197649064357392e-07, 2.87342260207879e-07, 3.553158762770181e-07]"
128,18,"[0, 2.788657695873553e-07, 3.926010663235502e-07, 5.928307587055315e-07, 6.283861466727103e-07, 7.161011694734043e-07, 7.837547286726476e-07, 8.326744591613533e-07, 9.03675754670985e-07, 1.0276459079250344e-06, 1.1298179742880166e-06]"
128,19,"[0, 2.659398212756514e-08, 2.6335053249226803e-08, 6.995575319024283e-08, 7.061764506488544e-08, 7.24718418609882e-08, 7.940003854400857e-08, 8.150246344484913e-08, 8.191799594214899e-08, 7.710203675515004e-08, 1.9113581117835565e-07]"
128,20,"[0, 2.0569804348724574e-07, 2.1731597144025727e-07, 2.2611087047152978e-07, 2.3662023806991783e-07, 3.7019637488810986e-07, 3.8922161138543743e-07, 4.1413980511606496e-07, 4.504339017330494e-07, 5.56733709800028e-07, 6.252192292777181e-07]"
128,21,"[0, 1.179105765913846e-06, 1.1124629963887855e-06, 1.1231278449486126e-06, 1.7517760397822713e-06, 1.7444781406084076e-06, 1.699328095128294e-06, 1.9734404759219615e-06, 2.1480382201843895e-06, 2.4141027097357437e-06, 2.4521386876585893e-06]"
128,22,"[0, 2.0332253658494892e-09, 9.01770746963848e-09, 1.7165223198389867e-07, 1.719264446364832e-07, 4.106914275325835e-07, 4.135426650009322e-07, 4.230323042975215e-07, 6.961026315366325e-07, 6.987278879933001e-07, 7.001015660534904e-07]"
128,23,"[0, 2.2362409879406187e-07, 2.2725693327174668e-07, 6.079368404243723e-07, 5.843955364071007e-07, 7.977380391821498e-07, 8.49796776947187e-07, 1.0086654356200597e-06, 1.2674787512878538e-06, 1.6284374169117655e-06, 1.6791976804597653e-06]"
128,24,"[0, 4.114952290024121e-08, 1.285644515292006e-07, 2.646211783030594e-07, 2.683267155134672e-07, 3.0728219257980527e-07, 5.25721645772137e-07, 5.634038870994118e-07, 5.765782589151058e-07, 5.877383273400483e-07, 1.1697466106852517e-06]"
128,25,"[0, 9.90590498517463e-10, 5.1721194438414386e-08, 1.499455066777955e-07, 2.0491377483722317e-07, 1.632380275395917e-07, 1.9006969864676648e-07, 1.9638029868929152e-07, 2.0234134012753202e-07, 5.433658429865318e-07, 6.193536705723091e-07]"
128,26,"[0, 7.7741781012719e-08, 6.538165280289832e-07, 7.690449024266854e-07, 7.91867876159813e-07, 6.256694291550957e-07, 6.346409122670593e-07, 6.391318834175763e-07, 6.455185257436824e-07, 6.520786541841517e-07, 7.403177733067423e-07]"
128,27,"[0, 2.723486502986816e-08, 2.5938078351828153e-07, 2.6321760060454835e-07, 2.7014240799871914e-07, 3.5755326166508894e-07, 3.6738597941621265e-07, 3.824249290573789e-07, 4.1437564846091846e-07, 4.604080459102988e-07, 5.942238203715533e-07]"
128,28,"[0, 2.1134714245363284e-07, 2.1147810969068814e-07, 2.3732258114250726e-07, 2.3828057749142317e-07, 3.4122388115065405e-07, 3.8328059304149065e-07, 3.9459442291445157e-07, 3.958174374929513e-07, 5.54130679120135e-07, 6.792337785554992e-07]"
128,29,"[0, 5.751298104428315e-08, 1.4319768126824783e-07, 5.904892219632529e-08, 2.2162268464853696e-07, 2.5063047814910533e-07, 2.557175662332156e-07, 1.917878762469627e-07, 2.7941180746893224e-07, 4.57916030427441e-07, 5.4273971272778e-07]"
128,30,"[0, 1.5328909341860708e-07, 1.996434804141245e-07, 2.8073193902855564e-07, 2.813941080148652e-07, 2.9524110800593917e-07, 3.210769818906556e-07, 3.738423970389704e-07, 4.3705261987270205e-07, 4.7568562422384275e-07, 5.274292789181345e-07]"
128,31,"[0, 1.1657829368516559e-08, 1.215496041595543e-07, 1.0471016764768137e-07, 6.491553961041063e-08, 6.569046462345796e-08, 1.5304412670502643e-07, 1.94648364981731e-07, 2.1976431696657528e-07, 3.846932941087289e-07, 5.476269961945945e-07]"
128,32,"[0, 4.520636025517888e-07, 1.0616527106321882e-06, 1.1432493920437992e-06, 1.3387813169174478e-06, 1.3961104059490026e-06, 1.7007212136377348e-06, 1.978557293114136e-06, 2.639163540152367e-06, 2.7135672553413315e-06, 2.9204891234257957e-06]"
128,33,"[0, 6.952951281391506e-08, 8.504342474680016e-08, 1.66878223240019e-07, 1.849540183229692e-07, 1.8824884762125293e-07, 2.198636224193251e-07, 2.3179818242624606e-07, 3.152314036469761e-07, 3.956185139486479e-07, 5.35714718807867e-07]"
128,34,"[0, 1.2696771634068682e-08, 9.679398260686867e-08, 9.700104186549652e-08, 9.296063296915236e-08, 9.383894905568013e-08, 9.432778824702837e-08, 9.974706927096122e-08, 1.1538848809777846e-07, 2.534969212319993e-07, 5.415482746684575e-07]"
128,35,"[0, 6.445024069989813e-08, 3.517198763347551e-07, 7.139954618651245e-07, 9.971920462703565e-07, 1.0065379001389374e-06, 1.0364069567003753e-06, 1.0603221198834945e-06, 1.12233260551875e-06, 1.178299157800211e-06, 1.2671218883042457e-06]"
128,36,"[0, 6.4154019874251844e-09, 1.0294716901171341e-07, 1.3697294320991205e-07, 1.3807931509290938e-07, 1.3965981793262472e-07, 1.4835090667020268e-07, 1.5062546765420848e-07, 1.5120566843052075e-07, 1.525175292726999e-07, 1.772124562648969e-07]"
128,37,"[0, 3.5353353577960434e-10, 1.5656601703994966e-07, 1.855143239026802e-07, 4.2088493046321673e-07, 4.222200686854194e-07, 7.597051308039227e-07, 8.445836101600435e-07, 8.527874797437107e-07, 8.558289437132771e-07, 1.0443618521094322e-06]"
128,38,"[0, 2.947738719782933e-10, 2.741956439678006e-09, 9.980478665738701e-09, 1.7220660453176606e-08, 1.0169180342245454e-07, 1.4577017282135785e-07, 1.554230806277701e-07, 2.728637582549709e-07, 2.943639003660792e-07, 4.967640165887133e-07]"
128,39,"[0, 3.857700221487903e-07, 3.962302628224279e-07, 4.7017906013024913e-07, 6.365467584146245e-07, 8.678646281623514e-07, 1.1808095905507798e-06, 1.2142033938289387e-06, 1.4563757986252313e-06, 1.5240984794218093e-06, 1.6601613879174693e-06]"
128,40,"[0, 1.1900820329202588e-09, 8.605105108472344e-07, 8.620482958576758e-07, 8.643993965051777e-07, 2.4384311814174e-07, 4.3882030809072603e-07, 1.0720320915424963e-06, 1.0846659961316618e-06, 1.1107393902420881e-06, 1.1256528296144097e-06]"
128,41,"[0, 3.212365928817462e-10, 1.6467230068428762e-07, 2.7186430884285073e-07, 3.7015664133832615e-07, 3.798183172420977e-07, 5.302275667418144e-07, 5.94538391851529e-07, 8.478489803565026e-07, 8.525124144398433e-07, 8.585731166022015e-07]"
128,42,"[0, 9.910634446441691e-08, 1.0562722252416279e-07, 1.9906907766653603e-07, 2.047837739382885e-07, 2.611748470826569e-07, 4.230384718084679e-07, 5.463112415782234e-07, 5.641174993797904e-07, 8.548171877009736e-07, 9.025037570609129e-07]"
128,43,"[0, 8.668154549695828e-08, 3.762284279673622e-07, 3.964872234973882e-07, 4.1860101873680833e-07, 4.290130846129614e-07, 4.319388153817272e-07, 4.913476345791423e-07, 4.982561563338095e-07, 5.775873432867229e-07, 6.024270646776131e-07]"
128,44,"[0, 1.0194590061018971e-07, 1.028616196663279e-07, 1.333046526497128e-07, 3.0939415296415973e-07, 3.114867865861015e-07, 3.139725208711752e-07, 3.3936578347493196e-07, 4.0313568661076715e-07, 4.153838801812526e-07, 4.6259972918960557e-07]"
128,45,"[0, 7.041789729100856e-08, 8.15094054473775e-08, 2.605142697120755e-07, 3.6600593489310995e-07, 3.0456695299108105e-07, 3.671932802262745e-07, 4.7124774482654175e-07, 6.082635195525654e-07, 6.951116802156321e-07, 7.237256909320422e-07]"
128,46,"[0, 1.0883244999648767e-10, 2.354676176263837e-10, 3.28810081384745e-08, 3.782966828680401e-08, 1.049212698944757e-07, 1.0543215012148721e-07, 3.511799206989963e-07, 3.539812780672946e-07, 3.560024879334378e-07, 3.642260253400309e-07]"
128,47,"[0, 4.5914438917549205e-10, 6.787023920651336e-08, 6.815437814111647e-08, 1.1275586331294107e-07, 1.4154711891478655e-07, 2.686525704120868e-07, 3.658720402199833e-07, 4.982558721167152e-07, 5.330862222763244e-07, 5.412628638623573e-07]"
128,48,"[0, 7.849168781604021e-08, 4.6461047986667836e-07, 8.291251560876844e-07, 7.516264872720058e-07, 1.119945181926596e-06, 1.2120183328079293e-06, 1.2239573834449402e-06, 1.712547827992239e-06, 1.964395096365479e-06, 1.969034201465547e-06]"
128,49,"[0, 4.021440602741677e-08, 4.9282601111144686e-08, 8.922337002559289e-08, 5.408597303357965e-07, 5.613364351120254e-07, 1.0029746135842288e-06, 1.0210059144810657e-06, 1.0666578873497201e-06, 1.083860183825891e-06, 1.6433345990662929e-06]"
256,0,"[0, 7.265282420121366e-08, 9.641564702178584e-08, 1.1334724092648685e-07, 1.8587026318073185e-07, 2.7813280212285463e-07, 3.7389125395748124e-07, 4.08029791287845e-07, 4.5331236719903245e-07, 4.876078492088709e-07, 5.355153120945033e-07]"
256,1,"[0, 4.796578778609728e-08, 1.1805229860328836e-07, 1.4598964526157943e-07, 1.549166910308486e-07, 2.0477851592204388e-07, 2.2505608399114863e-07, 2.267208429884704e-07, 2.447229974222864e-07, 2.672390735369845e-07, 3.2029163321567466e-07]"
256,2,"[0, 3.630414635580337e-09, 2.8890728032138213e-08, 2.8939361129687313e-08, 3.47145032719709e-08, 4.717515977858966e-08, 5.5414599131609066e-08, 9.513096443924951e-08, 1.3453535530061345e-07, 1.7561639253926842e-07, 2.1623215218369296e-07]"
256,3,"[0, 9.497674113845278e-08, 9.787331833877033e-08, 1.1239296071607896e-07, 1.9860377165059617e-07, 2.4593956027274544e-07, 2.774744132238993e-07, 2.8747484748237184e-07, 3.3098919516305614e-07, 3.5948832532994857e-07, 4.5535668391494255e-07]"
256,4,"[0, 4.461125513444131e-08, 4.811434806129e-08, 7.15403558615435e-08, 2.622446118039079e-07, 2.8022461151522293e-07, 3.2997897392306186e-07, 3.6611322684620973e-07, 4.4531654452839575e-07, 4.847539685215452e-07, 4.963320066053711e-07]"
256,5,"[0, 1.9435164588799125e-08, 3.527917868950681e-08, 6.09287198471975e-08, 9.251240840058017e-08, 1.1978671921042405e-07, 2.2158386059345503e-07, 2.664967553300812e-07, 3.2869911592570134e-07, 3.318318988476676e-07, 3.9476464053223026e-07]"
256,6,"[0, 4.832857225522957e-09, 7.967380533102641e-09, 7.030762105841859e-08, 1.2050760744841682e-07, 1.524369537264647e-07, 1.6275541270260874e-07, 1.8033907167591678e-07, 2.2029142598967155e-07, 2.73439326292646e-07, 3.3083301786973607e-07]"
256,7,"[0, 4.6369437178839235e-09, 1.307941577266547e-08, 4.189621805039678e-08, 4.821147925326841e-08, 9.13351527742634e-08, 1.4390374758477265e-07, 1.5541698417109728e-07, 2.1384663284607086e-07, 2.643686798364797e-07, 2.7202764840694726e-07]"
256,8,"[0, 7.809226332256003e-08, 8.546453500457574e-08, 2.3595735854087252e-07, 2.389074893471843e-07, 2.3817251815216878e-07, 3.727593593794154e-07, 4.069867145517492e-07, 4.3575337826951e-07, 5.764997581536591e-07, 6.01503757025057e-07]"
256,9,"[0, 3.021219541210485e-08, 1.3953055599813524e-07, 1.7484147463164845e-07, 2.6729054525276297e-07, 3.9808250562600733e-07, 4.2128971244892455e-07, 4.9939330892812e-07, 6.047482088433753e-07, 7.505566941290454e-07, 7.541078730355366e-07]"
256,10,"[0, 8.15676912679919e-08, 1.6580302997226681e-07, 1.7200603963374306e-07, 2.2648036690497975e-07, 2.0092166153062863e-07, 2.095785447409071e-07, 2.628852087127598e-07, 3.131461312477768e-07, 3.377118673597579e-07, 4.263164896656235e-07]"
256,11,"[0, 2.0275719236906298e-07, 2.862933001779311e-07, 3.790527216551709e-07, 4.212591875329963e-07, 4.312900045988499e-07, 4.634101173905947e-07, 4.77980620416929e-07, 6.134546879366098e-07, 7.546358347099158e-07, 8.815723617772164e-07]"
256,12,"[0, 1.0545267770112332e-08, 3.437121876004312e-08, 4.292319033538661e-08, 7.055513862042062e-08, 9.148225643684782e-08, 1.3002799903460982e-07, 1.8039990834495256e-07, 2.0664352007315756e-07, 2.2420508116738347e-07, 2.546093185173959e-07]"
256,13,"[0, 1.171669410382492e-07, 1.2646916047742707e-07, 1.2363247492430673e-07, 1.2947512573191489e-07, 1.7997864176777512e-07, 2.300369601471175e-07, 3.2104330216498056e-07, 3.255848639582837e-07, 4.264784649876674e-07, 5.578003197115322e-07]"
256,14,"[0, 3.051853880720046e-08, 1.1507401609378576e-07, 1.9188577482509572e-07, 2.707108421873272e-07, 3.7453852996804926e-07, 4.5040371787763434e-07, 5.289517162054835e-07, 5.910668505748617e-07, 6.722105467815709e-07, 7.047915460134391e-07]"
256,15,"[0, 1.0323679333623659e-07, 1.0961927188191112e-07, 1.8892578168561158e-07, 2.034950483675857e-07, 2.812787442962872e-07, 3.6554450844050734e-07, 5.610539233202871e-07, 6.036115678398346e-07, 7.173424023676489e-07, 7.544705340478686e-07]"
256,16,"[0, 1.1307042058206207e-07, 1.8210569407983712e-07, 2.1479355893916363e-07, 2.3703213969383796e-07, 2.5346454890495806e-07, 3.2046042974798183e-07, 3.4951716543218936e-07, 3.9602588230991387e-07, 5.032672447669029e-07, 5.239949132374022e-07]"
256,17,"[0, 5.887784926272843e-09, 8.351520364158205e-08, 7.620483444270576e-08, 9.596929828603606e-08, 1.979929038498085e-07, 2.9452505145854957e-07, 3.4423936767780106e-07, 4.4117351194472576e-07, 4.49423737336474e-07, 5.167708536646387e-07]"
256,18,"[0, 1.3038806478959941e-08, 6.183984879726268e-08, 8.115620886428587e-08, 1.5618218185409205e-07, 1.4214994337180542e-07, 2.1398165017672e-07, 2.363206164091025e-07, 2.5760047606127046e-07, 3.6051665119885e-07, 3.762584128708113e-07]"
256,19,"[0, 3.169001843161823e-07, 4.438780365489947e-07, 6.27165604782931e-07, 6.869336743875465e-07, 7.192176099124481e-07, 7.458775712620991e-07, 9.079943197320972e-07, 9.5901839358703e-07, 9.259555326934787e-07, 1.0902529083978152e-06]"
256,20,"[0, 3.995409869617106e-08, 1.0535764261021541e-07, 1.296387210913963e-07, 1.4432515627049725e-07, 3.193846396243316e-07, 3.625669364737405e-07, 4.452994062376092e-07, 4.959304646945384e-07, 6.870874926789838e-07, 6.068176503504219e-07]"
256,21,"[0, 3.2240752290135788e-09, 5.369403055510702e-08, 5.232515931652415e-08, 7.276381808196675e-08, 7.708214155854876e-08, 1.1191644944119616e-07, 2.1514769343866647e-07, 2.3917021962915896e-07, 2.871704509743722e-07, 4.0331892137146497e-07]"
256,22,"[0, 4.2830194502130325e-08, 1.7349121606002882e-07, 2.0879549822439003e-07, 2.76060518444865e-07, 3.2103778835335106e-07, 3.946141760025057e-07, 4.0424777125736e-07, 4.6840651179991255e-07, 5.008694756725163e-07, 5.12961776166776e-07]"
256,23,"[0, 5.35775122045834e-08, 1.5426081745317788e-07, 1.729950014350834e-07, 2.016551690076085e-07, 2.1004713346428616e-07, 3.0010011187187047e-07, 3.233041354633315e-07, 3.2998860888255876e-07, 4.237841153553745e-07, 4.891109597338072e-07]"
256,24,"[0, 2.526992837204034e-08, 2.3270031235256283e-08, 3.4469596954522785e-08, 9.691030555813995e-08, 1.5596876323797915e-07, 2.622797410367639e-07, 3.282021339146013e-07, 3.652039026746934e-07, 3.895993359037675e-07, 5.255452606434119e-07]"
256,25,"[0, 1.2311608088566572e-07, 1.7890228320993629e-07, 1.8349855679389293e-07, 2.9195871320553124e-07, 3.0144630613904155e-07, 3.380896487215068e-07, 3.7548088016592374e-07, 5.495829782375949e-07, 6.225388347047556e-07, 5.574173087552481e-07]"
256,26,"[0, 4.82117989974995e-08, 6.349164038965682e-08, 8.078926327925728e-08, 1.9803877648882917e-07, 2.787264463677275e-07, 3.870454747811891e-07, 3.990117534158344e-07, 5.740401434195519e-07, 6.34866466953099e-07, 8.431669584751944e-07]"
256,27,"[0, 5.274260672649689e-08, 1.416119488339973e-07, 1.518097008101904e-07, 1.8278539926086523e-07, 2.7847579531226074e-07, 3.1966811775419046e-07, 3.877537437801948e-07, 4.800727992915199e-07, 5.432311240838317e-07, 6.049101557437098e-07]"
256,28,"[0, 2.5384574442455232e-08, 7.571303228814941e-08, 1.5196043534615455e-07, 2.109478458578451e-07, 3.954809244532953e-07, 4.134543587497319e-07, 4.359604304227105e-07, 4.869932581641478e-07, 5.141876044945093e-07, 5.369483915274031e-07]"
256,29,"[0, 4.6092154093457793e-08, 6.338496660873716e-08, 6.765392868146591e-08, 1.2991294795483554e-07, 1.4483204324733379e-07, 2.355133972287149e-07, 2.8194165224704193e-07, 2.9024110403952363e-07, 3.298376896054833e-07, 3.3811639355008083e-07]"
256,30,"[0, 1.7343429803418076e-08, 7.982999505884436e-08, 1.244396514721302e-07, 1.275366514619236e-07, 2.688939559902792e-07, 3.368345460330602e-07, 4.11945137557268e-07, 4.520271374985896e-07, 4.5530180159403244e-07, 4.828526698474889e-07]"
256,31,"[0, 4.132763820052787e-08, 7.313446559464865e-08, 1.5338672199050052e-07, 2.5691807081784646e-07, 2.931734570665867e-07, 3.29571349766411e-07, 3.4791602843142755e-07, 3.7067496805320843e-07, 3.9182233990686655e-07, 4.380982261409372e-07]"
256,32,"[0, 5.4708443997242284e-08, 6.979558975217515e-08, 1.0097306812895113e-07, 1.3621540517760877e-07, 1.490003427306874e-07, 1.560894133945112e-07, 2.805120118409832e-07, 3.3723668479979096e-07, 4.0175612525672477e-07, 4.104881270450278e-07]"
256,33,"[0, 1.2070564991972788e-07, 2.6574821276881266e-07, 3.5664808706314943e-07, 4.381249709695112e-07, 4.985650434718991e-07, 6.306202067207778e-07, 6.883706191729289e-07, 7.430465984725743e-07, 1.091917511075735e-06, 1.14542490337044e-06]"
256,34,"[0, 1.1450898007581145e-08, 5.773718925183857e-08, 7.163233561868765e-08, 9.069970019481843e-08, 1.6837891791965376e-07, 2.793080966512207e-07, 3.6388169633028156e-07, 4.798206418854534e-07, 4.915323188470211e-07, 5.111116934131132e-07]"
256,35,"[0, 7.02147104902906e-08, 1.2451326369955495e-07, 2.5854058094409993e-07, 2.9840668958058814e-07, 3.64542074748897e-07, 4.105742164028925e-07, 5.051333573646843e-07, 5.903167448195745e-07, 6.65819754885888e-07, 7.605743235217233e-07]"
256,36,"[0, 9.204637763104984e-08, 1.5519196949753677e-07, 2.5305732265223924e-07, 3.0303593234748405e-07, 3.0730171829418396e-07, 3.213619947928237e-07, 3.4274899007868953e-07, 3.78360482500284e-07, 4.513626095103973e-07, 5.154215614311397e-07]"
256,37,"[0, 1.2828071760395687e-07, 1.456016747169997e-07, 2.761989321697911e-07, 2.8590130796146696e-07, 2.922911619407387e-07, 3.873957439282094e-07, 4.304159517687367e-07, 4.406874722917564e-07, 4.4704526658279065e-07, 4.638576456272858e-07]"
256,38,"[0, 2.8167610466312e-08, 1.7053963574653608e-07, 2.2220994821964268e-07, 2.7947857006438426e-07, 3.2849973763404705e-07, 5.217556235947995e-07, 6.782742048017099e-07, 8.43103407532908e-07, 1.0120083970832638e-06, 1.1143938536406495e-06]"
256,39,"[0, 9.214387830525084e-08, 2.162211671929981e-07, 2.9942199830657046e-07, 3.935204517802049e-07, 4.4339859073261323e-07, 4.544799878658523e-07, 6.907829401825438e-07, 7.315579182431975e-07, 7.784074114169925e-07, 7.876025733821734e-07]"
256,40,"[0, 1.5777192885479963e-08, 3.1893009122541116e-08, 6.638050109586402e-08, 8.590870237412673e-08, 1.5870081426783145e-07, 2.978018471821997e-07, 3.258133745021041e-07, 3.618364701196697e-07, 4.097317685136659e-07, 4.917112619295949e-07]"
256,41,"[0, 7.279070501908791e-08, 9.536834255641224e-08, 1.8068266172122094e-07, 1.874003885404818e-07, 2.9867891271351255e-07, 3.63665066061003e-07, 4.466671157388191e-07, 5.051676907896763e-07, 5.877744229110249e-07, 5.819190960210108e-07]"
256,42,"[0, 1.141371264168356e-08, 5.376288925162953e-08, 1.1739295757706714e-07, 1.6053851936703722e-07, 2.1079588918837544e-07, 2.479434613178455e-07, 2.545460517922038e-07, 3.026472938927327e-07, 2.997036006036069e-07, 3.8118335510262114e-07]"
256,43,"[0, 3.708707652094745e-08, 6.838824617716455e-08, 1.0388515647719032e-07, 1.0447445220052032e-07, 1.194076020283319e-07, 2.55012139405153e-07, 2.981285547321022e-07, 3.341888827890216e-07, 4.064689562710555e-07, 4.913716793453204e-07]"
256,44,"[0, 2.527051812251102e-08, 4.2964277469081935e-08, 8.379686278203735e-08, 1.3679176902314794e-07, 1.5895555804945616e-07, 2.504179690276942e-07, 2.327334840401818e-07, 2.5987566232288373e-07, 3.3958059475480695e-07, 3.458006005985226e-07]"
256,45,"[0, 3.0384903482172376e-08, 1.1093144536289401e-07, 9.543736467776398e-08, 1.116708645554354e-07, 1.5760326732561225e-07, 2.1143139861123927e-07, 2.840527599801135e-07, 2.963011240808555e-07, 3.3067200888581283e-07, 3.906496885974775e-07]"
256,46,"[0, 5.026419813702887e-08, 7.292183568097244e-08, 1.0564473029717192e-07, 3.667760779535456e-07, 4.3057417542513576e-07, 5.197382506594295e-07, 7.606502094859025e-07, 8.834704203763977e-07, 9.364766810904257e-07, 9.781819017007365e-07]"
256,47,"[0, 8.335430123906917e-09, 7.962185577525815e-08, 1.224280481437745e-07, 1.379973610937668e-07, 2.627702713198232e-07, 3.886883916948136e-07, 3.9593825817973993e-07, 4.902786940874648e-07, 5.254757411421451e-07, 5.550069204218744e-07]"
256,48,"[0, 4.268268583018653e-08, 8.160588294003901e-08, 1.0712691533854013e-07, 2.8509981575552956e-07, 3.086326501033909e-07, 4.240237956310011e-07, 4.5954814709148195e-07, 4.594287474901648e-07, 5.118608896736987e-07, 5.224613914833753e-07]"
256,49,"[0, 3.115509628059954e-08, 4.34724505282702e-08, 7.274027069570366e-08, 1.2451606323793385e-07, 1.3901430406804138e-07, 1.479359639233735e-07, 1.5469562697489891e-07, 2.0175093595753424e-07, 2.3609509014477226e-07, 2.4657862240928807e-07]"
512,0,"[0, 4.370389916630302e-08, 5.639667222112621e-08, 9.754095486869119e-08, 1.2684897399140027e-07, 1.5275909959200362e-07, 1.8002663182414835e-07, 2.2283735745531885e-07, 2.619924259761319e-07, 3.1053997417984647e-07, 3.485888555587735e-07]"
512,1,"[0, 4.2163343039192114e-08, 7.755161846034753e-08, 1.4035103390597214e-07, 1.758684078367878e-07, 2.1801947980293335e-07, 2.3265256743343343e-07, 2.689019709123386e-07, 3.334457971959637e-07, 3.9779462213118677e-07, 4.4600773208003375e-07]"
512,2,"[0, 3.746650278912966e-08, 8.391860006895513e-08, 1.1012217271400004e-07, 1.3842702628608095e-07, 2.1801652394515258e-07, 2.3515319469424867e-07, 2.718512632782222e-07, 3.043905110189371e-07, 3.6471701037044113e-07, 3.9930731077220116e-07]"
512,3,"[0, 2.7430244742276955e-08, 6.951310638214636e-08, 1.0890877888414252e-07, 1.6081470732842718e-07, 2.5860705932245764e-07, 3.0391808536478493e-07, 3.8165694604685996e-07, 4.910505140287569e-07, 5.624501682177652e-07, 6.608077569580928e-07]"
512,4,"[0, 1.049693487686909e-08, 5.177993855909335e-08, 9.649119192545186e-08, 1.888070784161755e-07, 2.340194100725057e-07, 2.5732180120030534e-07, 2.988836627082492e-07, 4.190690674477082e-07, 4.5324694042392366e-07, 4.940504823025549e-07]"
512,5,"[0, 7.633875043211447e-08, 9.280014978685358e-08, 1.694206162028422e-07, 2.3435057983078877e-07, 3.1475198625230405e-07, 4.248985874255595e-07, 5.202635975365411e-07, 5.878288220628747e-07, 6.710362185913255e-07, 7.552210377070878e-07]"
512,6,"[0, 2.6729184199325573e-08, 1.0903647762461333e-07, 1.2453757847197267e-07, 1.3486943828411313e-07, 1.895272419005778e-07, 2.2855070369587338e-07, 2.582594618161238e-07, 2.866626687136886e-07, 3.318681649489008e-07, 3.5330441505720955e-07]"
512,7,"[0, 4.558521382591607e-08, 1.240879612396384e-07, 1.4636702871939633e-07, 1.6921731571528653e-07, 1.8683799396512768e-07, 2.3268447080226906e-07, 2.4532221232220763e-07, 2.3713025143479172e-07, 3.070368279622926e-07, 3.518500761856558e-07]"
512,8,"[0, 3.163506079317813e-08, 8.786987848452554e-08, 1.0760496138573217e-07, 1.7331738888515247e-07, 2.422674185709184e-07, 3.008511839652783e-07, 3.303750872873934e-07, 3.7280952369656006e-07, 4.087066827196395e-07, 4.662918513531622e-07]"
512,9,"[0, 1.5714132217681254e-08, 3.747473797943712e-08, 1.4590141006465274e-07, 2.0796993283056509e-07, 2.4862947611836717e-07, 3.040668730136531e-07, 3.4550163263702416e-07, 3.6520481216939515e-07, 4.154222210672742e-07, 4.7145846338025876e-07]"
512,10,"[0, 6.500699356593032e-08, 1.1855191672793808e-07, 1.7791263928756962e-07, 2.5806636472225364e-07, 2.996316368353291e-07, 3.6597123198589543e-07, 4.159118418556318e-07, 5.193115271140414e-07, 6.821940701229323e-07, 8.561644335713936e-07]"
512,11,"[0, 3.007636095730959e-08, 7.476070607026486e-08, 1.1951439660151664e-07, 1.5428378219439765e-07, 1.938216342978194e-07, 2.4580242552474374e-07, 2.699401591144124e-07, 3.206672829492163e-07, 3.3803033261392557e-07, 3.8294012938422384e-07]"
512,12,"[0, 5.4871279075996426e-08, 9.370605624781092e-08, 1.0773353409376796e-07, 1.643670657358598e-07, 2.0956950663730822e-07, 2.6469393787920126e-07, 3.194056716893101e-07, 3.5167366263522126e-07, 3.7344375414249953e-07, 4.552367158794368e-07]"
512,13,"[0, 8.311572941011036e-08, 1.3061492154520238e-07, 1.9262306238942983e-07, 2.2432973878494522e-07, 2.8991644285270013e-07, 3.7393687080111704e-07, 3.931693584036111e-07, 4.4418578681870713e-07, 4.994740834263212e-07, 5.853451057191705e-07]"
512,14,"[0, 2.1788498116848132e-08, 4.507304751655283e-08, 6.867646362707092e-08, 1.077433466889488e-07, 1.3317308855675947e-07, 1.82209987542592e-07, 2.660586062575021e-07, 3.3961921985792287e-07, 3.668580745852523e-07, 3.67936138445657e-07]"
512,15,"[0, 4.5147981353466093e-08, 1.140583947289997e-07, 1.7141225328032306e-07, 2.2080872952301434e-07, 2.5503985057184764e-07, 2.856729963696125e-07, 3.8984796901786467e-07, 4.6042379153732327e-07, 5.307309720592457e-07, 5.908063940296415e-07]"
512,16,"[0, 2.7163775229155362e-08, 5.1028990810664254e-08, 1.5211516313229367e-07, 1.6005796510398795e-07, 2.1580520126462943e-07, 2.456565368902375e-07, 3.29493360595734e-07, 4.101027286651515e-07, 4.768178882841312e-07, 5.580424158324604e-07]"
512,17,"[0, 2.3383137204291415e-08, 4.555026578145771e-08, 5.970073857497482e-08, 8.891748848327552e-08, 1.1633939323019149e-07, 1.5626399374468747e-07, 2.399556535692682e-07, 3.2528413385080057e-07, 3.736049905000982e-07, 3.938406223369384e-07]"
512,18,"[0, 3.27180984527331e-08, 5.530336366632582e-08, 1.0102579750537188e-07, 1.2864981613347481e-07, 1.790613026741994e-07, 2.38661556295483e-07, 2.920957911101141e-07, 3.376204631422297e-07, 3.758554214527976e-07, 4.415213084030256e-07]"
512,19,"[0, 3.116282698556461e-08, 5.2382105764081643e-08, 7.365316889718088e-08, 1.2989623598969047e-07, 1.4622673916164786e-07, 1.549906443187865e-07, 1.713096509092793e-07, 2.1001497430006566e-07, 2.552574187575374e-07, 3.050476777843869e-07]"
512,20,"[0, 2.5765181987935648e-08, 6.251976003568416e-08, 1.5781269269155018e-07, 2.509327714506071e-07, 3.171383866629185e-07, 3.8713105254828406e-07, 4.473349406453053e-07, 5.036835659666394e-07, 5.49366518498573e-07, 6.38140875253157e-07]"
512,21,"[0, 4.7368938993486154e-08, 1.388579278227553e-07, 2.2502001684188144e-07, 2.893142152515793e-07, 3.528067793467926e-07, 4.1986169208030333e-07, 4.985187160855276e-07, 5.961205147286819e-07, 6.369254492710752e-07, 7.169665536821412e-07]"
512,22,"[0, 3.092824130135341e-08, 1.0785674930957612e-07, 1.9977844090135477e-07, 2.9705040560656926e-07, 3.423536156788032e-07, 4.1874002931763243e-07, 4.898730026070552e-07, 5.705385319743073e-07, 6.792467388549994e-07, 7.729540243417432e-07]"
512,23,"[0, 3.1055524374323795e-08, 6.885984760174324e-08, 9.848128001976875e-08, 1.3261664832953102e-07, 1.5172338407865027e-07, 2.2373221497673512e-07, 3.209114254332235e-07, 3.75894671833521e-07, 4.040499561597244e-07, 4.257520345163357e-07]"
512,24,"[0, 1.1604626592998102e-08, 5.194539198782877e-08, 1.2449206110431987e-07, 1.3723190761538717e-07, 2.0076055307072238e-07, 2.3779229252340883e-07, 2.8252890160729294e-07, 3.7077137449159636e-07, 4.386341458939569e-07, 4.947802949573088e-07]"
512,25,"[0, 6.498421356582185e-08, 9.684018209554779e-08, 1.264888283003529e-07, 1.6803181779323495e-07, 2.032304990962075e-07, 2.2127296972485055e-07, 2.34684236488647e-07, 3.1273177114599093e-07, 3.732283460067265e-07, 4.370100157302659e-07]"
512,26,"[0, 4.315841195534631e-08, 7.666117340932033e-08, 1.0400210470606908e-07, 1.2528964532521059e-07, 1.4468928100086487e-07, 1.5298124367291166e-07, 1.6802192703835317e-07, 2.174742519400752e-07, 2.5320588292743196e-07, 3.072092340516974e-07]"
512,27,"[0, 9.881718199267198e-08, 2.0822376711748802e-07, 2.752236980541056e-07, 3.2394501658927766e-07, 4.0276006529893493e-07, 5.297181360219838e-07, 6.022585239406908e-07, 6.565215358023124e-07, 7.503999768232461e-07, 8.387136745113821e-07]"
512,28,"[0, 1.1266999777603814e-08, 3.249049029818707e-08, 4.757349358897045e-08, 7.137539626000944e-08, 1.0160614749565866e-07, 1.47904103187102e-07, 1.6761592291913985e-07, 2.4669279241607e-07, 2.796109583869111e-07, 2.984210425438505e-07]"
512,29,"[0, 3.115638946837862e-08, 6.475404035199972e-08, 1.0510518677619984e-07, 1.395058291109308e-07, 1.889565623969247e-07, 2.267369154651533e-07, 2.3674316196320433e-07, 3.1874432693257404e-07, 4.24012824851161e-07, 5.046322826274263e-07]"
512,30,"[0, 5.5747062077671217e-08, 1.023858118287535e-07, 1.4657179292498768e-07, 1.9254584060490743e-07, 2.3547353578123875e-07, 2.802380549837835e-07, 3.0621922064710816e-07, 3.311141654194216e-07, 3.6405182868293195e-07, 4.103317223780323e-07]"
512,31,"[0, 5.3684892975525145e-08, 1.0416677298508148e-07, 1.6403826919031417e-07, 2.2120499920674774e-07, 2.794885176626849e-07, 3.154790988446621e-07, 3.8471861785183137e-07, 4.6599640768363315e-07, 5.972729582026659e-07, 6.657770654783235e-07]"
512,32,"[0, 9.445061976975921e-08, 1.5493593252813298e-07, 2.0262949362859217e-07, 2.5619002030907723e-07, 2.624819614993612e-07, 2.923670763266273e-07, 3.51182478652845e-07, 3.4708759244495013e-07, 4.09015825653114e-07, 4.19605981960558e-07]"
512,33,"[0, 2.1598067334593907e-08, 8.927418093662709e-08, 1.554234501099927e-07, 2.2147494860291772e-07, 2.3374310842427803e-07, 3.242521415813826e-07, 3.701805439959571e-07, 3.932216259272536e-07, 4.2747305428747495e-07, 4.819050900550792e-07]"
512,34,"[0, 2.4727215830466776e-08, 4.350951599008113e-08, 7.214512720565835e-08, 9.491236596659292e-08, 1.1181184333963756e-07, 1.697838740710722e-07, 2.0169606784747884e-07, 2.266280176854707e-07, 2.599827553240175e-07, 3.0723487043360365e-07]"
512,35,"[0, 1.6135041391862615e-07, 2.052015304343513e-07, 2.707336363982904e-07, 2.760437780580105e-07, 1.7788156014830747e-07, 3.1656841770200117e-07, 3.2904341651374125e-07, 3.8569893945350486e-07, 4.245756031195924e-07, 4.770815280608076e-07]"
512,36,"[0, 4.763916550132308e-08, 8.03964752549291e-08, 1.2615699063189822e-07, 1.773392028781018e-07, 2.069262308168618e-07, 2.479484351169958e-07, 3.4950789995491505e-07, 4.0634589026922185e-07, 4.38551808201737e-07, 4.779542450705776e-07]"
512,37,"[0, 3.1038343450973116e-08, 5.483741816192378e-08, 7.091303189099563e-08, 1.0744074785407065e-07, 1.3412031307780126e-07, 1.6863778284914588e-07, 1.7994538836774154e-07, 2.0877830309018464e-07, 2.3663622528147243e-07, 2.577289706096053e-07]"
512,38,"[0, 1.6530549373783288e-08, 8.575211296601992e-08, 1.3800989506762562e-07, 1.9869638379077514e-07, 2.2728576709596382e-07, 2.4850328372849617e-07, 3.413119884498883e-07, 3.699733781559189e-07, 4.067395593665424e-07, 4.290377830784564e-07]"
512,39,"[0, 4.0647147869776745e-08, 6.588064138668415e-08, 9.716476512267036e-08, 1.3932185538578779e-07, 1.9064819412051293e-07, 2.1514206594019925e-07, 3.0802263495388615e-07, 3.5746847970585804e-07, 4.0915813315223204e-07, 4.620691527179588e-07]"
512,40,"[0, 6.87336125793081e-08, 1.1651319198335841e-07, 1.8234990761811787e-07, 1.8946980162581895e-07, 2.4590096359133895e-07, 3.1539531164526124e-07, 3.415967171349621e-07, 3.710070757279027e-07, 4.10591354693679e-07, 4.4862358095087984e-07]"
512,41,"[0, 1.945810446102314e-08, 5.558018045803692e-08, 9.831011027472414e-08, 1.2125578052746278e-07, 1.72665295394836e-07, 2.0478029227888328e-07, 2.8304353349994926e-07, 3.379816746473807e-07, 4.120512926419906e-07, 4.6355967242561746e-07]"
512,42,"[0, 3.5806920095637906e-08, 7.512225863592903e-08, 1.1884127104622166e-07, 1.4845537066321413e-07, 2.1142999173662247e-07, 2.543310699820722e-07, 3.5868524150828307e-07, 3.974963362907147e-07, 4.4583759972738335e-07, 5.101583155919798e-07]"
512,43,"[0, 7.898273679529666e-08, 1.1853318682142344e-07, 1.640983953166142e-07, 1.709309600528286e-07, 2.0356752372663323e-07, 2.1168006014704588e-07, 2.466495061526075e-07, 2.767127966762928e-07, 2.9881098839723563e-07, 3.447733547545795e-07]"
512,44,"[0, 8.80230572875007e-08, 1.3104180140999233e-07, 2.0751379281591653e-07, 2.28042011940488e-07, 2.546962036831246e-07, 2.5881610099531827e-07, 2.9604382234538207e-07, 3.3989076086982095e-07, 4.0561366176916636e-07, 4.2624034790605947e-07]"
512,45,"[0, 3.6885005272324634e-08, 8.615367619313474e-08, 1.6376414180285792e-07, 1.92455146930115e-07, 3.551359952780331e-07, 3.967361692502891e-07, 4.548135166260181e-07, 4.391146717352967e-07, 5.066258950137126e-07, 5.440235781861702e-07]"
512,46,"[0, 7.610572794192194e-08, 1.1559905033209361e-07, 1.4712058771237935e-07, 1.557569930810132e-07, 1.8096123710620304e-07, 2.2685523504151206e-07, 2.3689361228207417e-07, 2.5182376361954084e-07, 2.6084171622642316e-07, 2.741426783359202e-07]"
512,47,"[0, 5.5122860942447005e-08, 9.956389845910962e-08, 1.380436316367195e-07, 1.9013998553418787e-07, 2.2825618373190082e-07, 2.716591041007632e-07, 3.0985316357146075e-07, 3.6226728639121575e-07, 4.022534767500474e-07, 4.4227246576156176e-07]"
512,48,"[0, 1.702948893012035e-08, 9.21714189416889e-08, 1.611158353398423e-07, 1.8514678856718092e-07, 2.064481918750971e-07, 2.21341906581074e-07, 2.4396780418101116e-07, 2.584504557034961e-07, 3.231756977584155e-07, 3.9532824303023517e-07]"
512,49,"[0, 7.458625361778104e-08, 1.1470137195601637e-07, 1.5663265173770924e-07, 1.912734575171271e-07, 2.2649020081644267e-07, 2.477491136687604e-07, 3.024861996436812e-07, 3.344969172758283e-07, 3.881356178681017e-07, 4.20064992567859e-07]"
