hidden_dim,iteration,losses,borne_finie,borne_infinie
10,0,"[612.2611694335938, 604.8887939453125, 597.1624755859375, 589.140625, 580.7529907226562, 571.9104614257812, 562.5512084960938, 552.609130859375, 542.1236572265625, 531.0653686523438, 519.481201171875, 507.2578430175781, 494.4043273925781, 481.06231689453125, 467.2596740722656, 453.0716552734375, 438.6681213378906, 424.1664733886719, 409.68121337890625, 395.3418884277344, 381.2568664550781, 367.5042724609375, 354.2296447753906, 341.5619812011719, 329.5728759765625, 318.31048583984375, 307.8135986328125, 298.0682373046875, 289.08111572265625, 280.7947998046875, 273.2104797363281, 266.2781066894531, 259.92327880859375, 254.07310485839844, 248.68142700195312, 243.65724182128906, 238.9663543701172, 234.5521697998047, 230.37179565429688, 226.37728881835938, 222.52818298339844, 218.78927612304688, 215.15582275390625, 211.60951232910156, 208.13223266601562, 204.70761108398438, 201.31805419921875, 197.93572998046875, 194.52462768554688, 191.02813720703125, 187.53213500976562]","[612.2611694335938, 612.2653789092994, 612.2745629107412, 612.2667462355872, 612.2700440820983, 612.2847275987186, 612.2846474607169, 612.287534603572, 612.3186261366559, 612.2838984177675, 612.3112021137489, 612.3373320729613, 612.2918713934231, 612.3076503818455, 612.4994380483729, 612.6912866511196, 612.3365352196856, 612.337816012235, 612.2923306811501, 612.355561535257, 612.320129219758, 612.2818606292894, 612.3031679148222, 612.2871349579148, 612.297943440263, 612.3145414258084, 612.3332809405024, 612.3656563234625, 612.3232472630347, 612.3364862449781, 612.2929709896509, 612.3581274952154, 612.3990224538998, 612.6122773453654, 612.4376922042477, 613.548656248579, 613.6301721447054, 613.290419324436, 613.1606733260738, 612.3097742603305, 612.4604981436087, 612.410936499961, 612.6228251273615, 612.8804024486531, 612.6455732432721, 612.576558581169, 613.6905417232412, 613.2268387410976, 613.5509822491009, 613.4416687497744, 615.0366337801714]","[612.2611694335938, 612.2685789585694, 612.2759885732142, 612.2833982775296, 612.2908080715165, 612.2982179551761, 612.3056279285094, 612.3130379915173, 612.3204481442011, 612.327858386562, 612.3352687186008, 612.3426791403186, 612.3500896517168, 612.3575002527961, 612.3649109435579, 612.3723217240032, 612.379732594133, 612.3871435539484, 612.3945546034505, 612.4019657426404, 612.4093769715192, 612.4167882900879, 612.4241996983478, 612.4316111962999, 612.439022783945, 612.4464344612845, 612.4538462283193, 612.4612580850509, 612.4686700314797, 612.4760820676074, 612.4834941934347, 612.4909064089628, 612.4983187141929, 612.5057311091259, 612.5131435937632, 612.5205561681055, 612.527968832154, 612.53538158591, 612.5427944293743, 612.5502073625481, 612.5576203854326, 612.5650334980287, 612.5724467003375, 612.5798599923603, 612.587273374098, 612.5946868455516, 612.6021004067225, 612.6095140576115, 612.6169277982198, 612.6243416285484, 612.6317555485984]"
10,1,"[668.0165405273438, 660.8429565429688, 654.25, 648.1218872070312, 642.35888671875, 636.8859252929688, 631.6259155273438, 626.5099487304688, 621.4739990234375, 616.4611206054688, 611.4246215820312, 606.3163452148438, 601.0941162109375, 595.6939086914062, 590.063720703125, 584.1541137695312, 577.927490234375, 571.3281860351562, 564.3075561523438, 556.8204956054688, 548.8353271484375, 540.310791015625, 531.2138671875, 521.4938354492188, 511.1395263671875, 500.1396484375, 488.4854431152344, 476.1993713378906, 463.3018798828125, 449.8294982910156, 435.85223388671875, 421.4403076171875, 406.6849670410156, 391.68865966796875, 376.5615539550781, 361.4058837890625, 346.3721923828125, 331.5825500488281, 317.17169189453125, 303.25714111328125, 289.8649597167969, 276.827880859375, 264.4693603515625, 252.7975616455078, 241.86961364746094, 231.6758575439453, 222.19097900390625, 213.39364624023438, 205.23558044433594, 197.65585327148438, 190.60671997070312]","[668.0165405273438, 667.9550741185799, 667.9149910728987, 667.850979808428, 667.8308758601152, 667.8595836444907, 667.9332521014312, 667.736860582253, 667.7379280568346, 667.8133563022118, 667.9524368329763, 667.8975671441337, 667.8559734992425, 667.6040018411697, 667.7855301692988, 667.7315161769229, 667.7989574847688, 667.8118312323813, 667.7667673799529, 667.7036595476076, 667.7278113458481, 667.631582875216, 667.4600997048952, 667.5149957819912, 667.8159068132876, 667.9853878029159, 668.0245316443823, 667.4204008684974, 667.3280428130101, 666.6753920506122, 666.1482882327925, 665.7092847844073, 665.7283084348054, 663.7795024905863, 663.3650145314126, 663.1518186550101, 661.6691652620659, 660.260057365109, 659.6029331390747, 659.7214513005615, 663.262953979171, 662.7474337198034, 662.2846958600343, 661.6898767590686, 661.0832255700691, 656.254557398755, 654.0231203839153, 652.8055132500738, 662.5892733580972, 662.4275082092033, 661.3700004611584]","[668.0165405273438, 667.846132490351, 667.6757679236877, 667.5054468162646, 667.3351691569956, 667.1649349347973, 666.9947441385891, 666.8245967572931, 666.6544927798343, 666.4844321951408, 666.3144149921432, 666.1444411597749, 665.9745106869725, 665.8046235626749, 665.6347797758243, 665.4649793153654, 665.2952221702458, 665.1255083294161, 664.9558377818295, 664.7862105164419, 664.6166265222124, 664.4470857881028, 664.2775883030774, 664.1081340561037, 663.9387230361519, 663.7693552321948, 663.6000306332085, 663.4307492281713, 663.2615110060648, 663.092315955873, 662.9231640665832, 662.7540553271853, 662.5849897266716, 662.4159672540378, 662.2469878982822, 662.0780516484058, 661.9091584934123, 661.7403084223088, 661.5715014241046, 661.4027374878118, 661.2340166024458, 661.0653387570243, 660.896703940568, 660.7281121421006, 660.5595633506482, 660.3910575552401, 660.222594744908, 660.0541749086866, 659.8857980356136, 659.7174641147291, 659.5491731350762]"
10,2,"[629.7611083984375, 624.27001953125, 618.9714965820312, 613.7722778320312, 608.6202392578125, 603.409423828125, 598.0975341796875, 592.6314086914062, 586.9406127929688, 580.9832153320312, 574.713623046875, 568.078369140625, 561.0123291015625, 553.47705078125, 545.4176025390625, 536.802978515625, 527.5892944335938, 517.7322998046875, 507.2002258300781, 495.9598388671875, 484.0383605957031, 471.4512023925781, 458.2213134765625, 444.3704833984375, 429.9688415527344, 415.0697021484375, 399.8071594238281, 384.29669189453125, 368.6601867675781, 353.0127868652344, 337.3790283203125, 322.01519775390625, 307.0448913574219, 292.5826416015625, 278.74627685546875, 265.6060485839844, 253.23870849609375, 241.67147827148438, 230.91497802734375, 220.95591735839844, 211.76596069335938, 203.30120849609375, 195.5073699951172, 188.3173370361328, 181.65806579589844, 175.48460388183594, 169.74395751953125, 164.38441467285156, 159.36155700683594, 154.6334228515625, 150.148193359375]","[629.7611083984375, 629.765046802285, 629.7647192856242, 629.765244670597, 629.7626007269452, 629.7663924828416, 629.7698322754062, 629.7695013395282, 629.7813165239575, 629.7754063562494, 629.7703196598814, 629.7692873454924, 629.7482481225675, 629.7792324014486, 629.8258823856338, 629.826661752031, 629.8054022205068, 629.7799284402839, 629.795425781381, 629.7899176026151, 629.7823213383853, 629.6487012003316, 629.765882749392, 629.7935902512381, 629.8021850277255, 629.8216871889496, 629.6213832447985, 629.7340696054318, 629.7120341295068, 629.7796226371796, 630.0256619528566, 629.6205356951906, 629.9143283402265, 630.0045112653562, 629.8649857611638, 629.5647749022768, 629.679327905905, 629.6746868020567, 630.015515642467, 629.8314455383728, 629.7048782068795, 629.7631265188191, 630.1906690958815, 630.6411038065346, 630.2661489594274, 629.9866208765701, 630.4149826492679, 629.832321686837, 629.7900139627544, 629.514730682779, 630.1437227701803]","[629.7611083984375, 629.7614771598685, 629.7618459215154, 629.7622146833784, 629.7625834454572, 629.7629522077519, 629.7633209702626, 629.7636897329893, 629.7640584959317, 629.7644272590903, 629.7647960224646, 629.7651647860549, 629.7655335498612, 629.7659023138835, 629.7662710781216, 629.7666398425756, 629.7670086072457, 629.7673773721316, 629.7677461372335, 629.7681149025512, 629.7684836680851, 629.7688524338347, 629.7692211998003, 629.7695899659818, 629.7699587323793, 629.7703274989927, 629.7706962658222, 629.7710650328673, 629.7714338001285, 629.7718025676057, 629.7721713352988, 629.7725401032078, 629.7729088713328, 629.7732776396736, 629.7736464082304, 629.7740151770032, 629.7743839459919, 629.7747527151964, 629.7751214846171, 629.7754902542534, 629.7758590241059, 629.7762277941742, 629.7765965644586, 629.7769653349588, 629.777334105675, 629.7777028766071, 629.7780716477553, 629.7784404191192, 629.7788091906991, 629.779177962495, 629.7795467345068]"
10,3,"[609.1031494140625, 604.4051513671875, 599.646728515625, 594.805908203125, 589.8272094726562, 584.6394653320312, 579.234130859375, 573.5880737304688, 567.6173706054688, 561.2339477539062, 554.4091796875, 547.1494750976562, 539.4168090820312, 531.1204833984375, 522.287353515625, 512.8779296875, 502.8663024902344, 492.25140380859375, 480.95465087890625, 469.1184387207031, 456.8187255859375, 444.112060546875, 431.04522705078125, 417.6551208496094, 404.0397644042969, 390.34039306640625, 376.61663818359375, 363.005126953125, 349.6278076171875, 336.5687255859375, 323.9102478027344, 311.7416076660156, 300.0971374511719, 289.0204772949219, 278.580810546875, 268.7782897949219, 259.57574462890625, 250.94117736816406, 242.82559204101562, 235.1791229248047, 228.00033569335938, 221.1938934326172, 214.74847412109375, 208.60154724121094, 202.73992919921875, 197.12051391601562, 191.7156219482422, 186.4945068359375, 181.42921447753906, 176.52308654785156, 171.7236328125]","[609.1031494140625, 609.1037353955691, 609.1094520885666, 609.1027630623981, 609.1019360215041, 608.9348507911284, 608.6735443141617, 608.4168276207929, 608.4316141330014, 608.6278248049772, 608.4763088078975, 608.3990022841024, 608.915409230753, 609.0406335276106, 609.0239264676816, 609.1062626725009, 609.1012774943468, 609.0946369937884, 609.1252464341179, 609.0984128112849, 609.1106184867707, 609.1020578248529, 609.0992660131803, 609.1145735817196, 609.1104080561329, 609.1286782283408, 609.2022310517003, 609.4338340114023, 609.2503925668764, 609.6402000279212, 609.6166273730839, 609.950839187811, 609.6088821960352, 609.4246161468184, 610.0384926245191, 610.804634482634, 611.1330597051925, 610.1872318077728, 610.3987546467798, 610.0761300604635, 613.572332081158, 612.3376453035405, 610.6195370346613, 610.9456017403489, 610.618217871921, 611.320045540801, 611.7914327820537, 612.4891703130434, 613.4935724207509, 613.3222788556047, 612.2957927807144]","[609.1031494140625, 609.104792270866, 609.1064351321006, 609.1080779977663, 609.1097208678632, 609.111363742391, 609.11300662135, 609.1146495047401, 609.1162923925614, 609.1179352848138, 609.1195781814974, 609.1212210826122, 609.1228639881582, 609.1245068981353, 609.1261498125436, 609.1277927313832, 609.1294356546542, 609.1310785823562, 609.1327215144895, 609.1343644510542, 609.13600739205, 609.1376503374772, 609.1392932873358, 609.1409362416256, 609.1425792003467, 609.1442221634993, 609.1458651310832, 609.1475081030984, 609.149151079545, 609.150794060423, 609.1524370457324, 609.1540800354733, 609.1557230296455, 609.1573660282492, 609.1590090312842, 609.1606520387509, 609.162295050649, 609.1639380669785, 609.1655810877396, 609.1672241129322, 609.1688671425562, 609.170510176612, 609.1721532150992, 609.1737962580179, 609.1754393053683, 609.1770823571502, 609.1787254133637, 609.1803684740088, 609.1820115390855, 609.1836546085939, 609.1852976825338]"
10,4,"[601.9785766601562, 598.311767578125, 594.4977416992188, 590.5218505859375, 586.34912109375, 581.9361572265625, 577.2239379882812, 572.2108764648438, 566.8765258789062, 561.1766967773438, 555.095947265625, 548.5718383789062, 541.5772094726562, 534.0890502929688, 526.081787109375, 517.4740600585938, 508.29278564453125, 498.49688720703125, 488.01141357421875, 476.8163757324219, 464.9928894042969, 452.55523681640625, 439.5859375, 426.0903015136719, 412.0335998535156, 397.6453857421875, 383.0546569824219, 368.3583679199219, 353.721923828125, 339.2275695800781, 324.9999084472656, 311.14483642578125, 297.7433166503906, 284.9208068847656, 272.7525329589844, 261.2729187011719, 250.4962158203125, 240.41754150390625, 231.00746154785156, 222.22874450683594, 214.0480499267578, 206.44677734375, 199.36419677734375, 192.75892639160156, 186.5887451171875, 180.81419372558594, 175.38832092285156, 170.2560577392578, 165.36595153808594, 160.72215270996094, 156.29989624023438]","[601.9785766601562, 601.9700280349289, 601.9628895235018, 601.9634279696099, 601.9705804982145, 601.9625132994234, 601.9569467303515, 601.9616843258996, 601.9546941484441, 601.9493562536517, 601.6956387964474, 601.3159182872683, 601.0851000759068, 601.4978364955655, 601.5368907935633, 601.0746030399147, 601.7932221227314, 601.7127808381047, 601.4860572600618, 601.9371053497572, 601.94642881355, 602.0568549794457, 602.0070676183059, 601.9898578953575, 602.0746095795271, 602.0226106318186, 602.4648421567986, 602.4781364025004, 602.267347138083, 602.4762623593184, 602.3469953981654, 602.3653386297027, 602.6510457229743, 603.6144055859501, 602.8160706729433, 602.4279786825929, 603.2229454350738, 602.934183512063, 603.9229139231965, 605.0137248793951, 604.1013242525961, 604.8907435320508, 604.3124348360421, 605.7767907253501, 606.5828931017473, 604.4197336966209, 606.6382143045543, 603.543701532074, 604.2704346347339, 605.6067058912842, 607.1604904501411]","[601.9785766601562, 601.9731669570328, 601.967757302524, 601.9623476966292, 601.9569381393479, 601.95152863068, 601.9461191706247, 601.9407097591817, 601.9353003963506, 601.929891082131, 601.9244818165223, 601.9190725995244, 601.9136634311365, 601.9082543113582, 601.9028452401892, 601.8974362176291, 601.8920272436774, 601.8866183183335, 601.8812094415972, 601.875800613468, 601.8703918339454, 601.864983103029, 601.8595744207183, 601.8541657870131, 601.8487572019127, 601.8433486654167, 601.8379401775248, 601.8325317382364, 601.8271233475512, 601.8217150054687, 601.8163067119884, 601.8108984671101, 601.805490270833, 601.8000821231569, 601.7946740240815, 601.789265973606, 601.7838579717303, 601.7784500184537, 601.7730421137759, 601.7676342576964, 601.7622264502148, 601.7568186913307, 601.7514109810436, 601.7460033193531, 601.7405957062589, 601.7351881417602, 601.729780625857, 601.7243731585485, 601.7189657398344, 601.7135583697143, 601.7081510481877]"
10,5,"[617.6629638671875, 612.806396484375, 607.9307250976562, 602.9992065429688, 597.8428344726562, 592.3313598632812, 586.617431640625, 580.5565795898438, 574.0748901367188, 567.1884155273438, 559.8764038085938, 552.0941772460938, 543.811279296875, 534.9784545898438, 525.5440673828125, 515.4882202148438, 504.7503662109375, 493.3281555175781, 481.21990966796875, 468.44757080078125, 454.9920654296875, 440.88726806640625, 426.1206970214844, 410.8330383300781, 395.1644592285156, 379.2237548828125, 363.1369934082031, 347.0126037597656, 331.0238342285156, 315.3050537109375, 299.9955749511719, 285.2779235839844, 271.24749755859375, 258.00372314453125, 245.56980895996094, 234.00161743164062, 223.30740356445312, 213.49261474609375, 204.51498413085938, 196.31578063964844, 188.8203582763672, 181.94383239746094, 175.61788940429688, 169.71844482421875, 164.2401123046875, 159.12313842773438, 154.314453125, 149.77145385742188, 145.45303344726562, 141.3187255859375, 137.35992431640625]","[617.6629638671875, 617.6641762143367, 617.6632855048362, 617.6649967063528, 617.6664995913025, 617.6617577047632, 617.6652774608388, 617.6625755908977, 617.6670913157333, 617.6558390485851, 617.6636447570634, 617.6589748815283, 617.6758916619805, 617.669565311044, 617.6972152866679, 617.6665241061576, 617.682144424597, 617.6759208021974, 617.6862514080575, 617.7107429517604, 617.742001493683, 617.761765454703, 617.7173467838403, 617.7578032791778, 617.7553008898718, 617.7536038040231, 617.8386783673118, 617.8493445780994, 617.840362261423, 617.9408332894858, 617.8905465712377, 617.980686935145, 618.0725939958538, 617.9475498502998, 617.9311442646793, 617.9784224785404, 618.0404330561773, 617.898291755129, 618.2727316702648, 618.1903822434738, 617.8867080033217, 617.9444543591145, 618.2910683960225, 618.3504658348123, 619.0829693014975, 618.1666649324972, 618.3829269276617, 618.5543201159434, 618.5715916872401, 618.4560749420248, 618.4347155241571]","[617.6629638671875, 617.6624530589991, 617.6619422512332, 617.6614314438897, 617.6609206369686, 617.66040983047, 617.6598990243938, 617.65938821874, 617.6588774135088, 617.6583666086999, 617.6578558043134, 617.6573450003494, 617.6568341968078, 617.6563233936887, 617.655812590992, 617.6553017887177, 617.6547909868659, 617.6542801854365, 617.6537693844296, 617.653258583845, 617.6527477836829, 617.6522369839432, 617.651726184626, 617.6512153857312, 617.6507045872588, 617.6501937892089, 617.6496829915815, 617.6491721943763, 617.6486613975937, 617.6481506012334, 617.6476398052956, 617.6471290097803, 617.6466182146874, 617.6461074200168, 617.6455966257688, 617.6450858319432, 617.64457503854, 617.6440642455592, 617.6435534530008, 617.6430426608648, 617.6425318691513, 617.6420210778602, 617.6415102869915, 617.6409994965453, 617.6404887065215, 617.6399779169202, 617.6394671277411, 617.6389563389846, 617.6384455506505, 617.6379347627388, 617.6374239752496]"
10,6,"[616.9280395507812, 612.9849853515625, 608.9712524414062, 604.857177734375, 600.602294921875, 596.1548461914062, 591.4666137695312, 586.5099487304688, 581.21630859375, 575.5526733398438, 569.4304809570312, 562.7819213867188, 555.6243286132812, 547.8853759765625, 539.5128173828125, 530.4773559570312, 520.814208984375, 510.4589538574219, 499.32977294921875, 487.5630187988281, 475.1016845703125, 462.0530090332031, 448.50140380859375, 434.5333557128906, 420.2455749511719, 405.7303771972656, 391.1123962402344, 376.49627685546875, 362.0187072753906, 347.84356689453125, 334.0687561035156, 320.7684631347656, 308.0785217285156, 296.0737609863281, 284.8106689453125, 274.2919006347656, 264.5092468261719, 255.42318725585938, 247.0180206298828, 239.2344207763672, 232.00469970703125, 225.27317810058594, 218.97340393066406, 213.05076599121094, 207.44944763183594, 202.11878967285156, 197.01222229003906, 192.07958984375, 187.27578735351562, 182.59255981445312, 178.0043182373047]","[616.9280395507812, 616.9278933805351, 616.9266169579188, 616.9292055779435, 616.8834648891453, 616.7960427710805, 616.5997551404404, 616.6515429726817, 616.7120929912809, 616.8698718343098, 616.9390946449209, 616.9469909632712, 616.9868529619431, 616.9427068346912, 616.8919962659045, 616.9537055388508, 616.9989756182616, 617.0075102370056, 617.1665485301271, 617.1193910235168, 617.0133384965224, 617.5414988739296, 617.3142005954086, 617.216968816066, 617.1997165675048, 617.6487074618077, 617.2528089412372, 617.6865121172857, 617.956367294176, 617.7664698829615, 618.6621944641004, 617.7897535931779, 617.5491206088694, 617.682050046935, 618.9910718344597, 618.9161389544439, 619.5635912784053, 617.9456309455245, 618.765706717215, 621.7971554407001, 619.9902021537906, 620.1438538842764, 621.1060954545711, 620.7526904115749, 617.9270947254779, 619.1023803458662, 619.1683635517488, 618.5452874434727, 620.5239886105833, 622.6600451802783, 621.0589310365763]","[616.9280395507812, 616.9282477739615, 616.9284559972119, 616.9286642205327, 616.9288724439236, 616.9290806673849, 616.9292888909166, 616.9294971145183, 616.9297053381905, 616.929913561933, 616.9301217857457, 616.9303300096286, 616.9305382335818, 616.9307464576054, 616.9309546816992, 616.9311629058633, 616.9313711300977, 616.9315793544023, 616.9317875787772, 616.9319958032223, 616.932204027738, 616.9324122523236, 616.9326204769797, 616.9328287017061, 616.9330369265025, 616.9332451513695, 616.9334533763066, 616.933661601314, 616.9338698263917, 616.9340780515398, 616.9342862767579, 616.9344945020465, 616.9347027274054, 616.9349109528346, 616.9351191783339, 616.9353274039034, 616.9355356295434, 616.9357438552537, 616.9359520810342, 616.936160306885, 616.9363685328061, 616.9365767587975, 616.9367849848591, 616.936993210991, 616.9372014371932, 616.9374096634657, 616.9376178898084, 616.9378261162213, 616.9380343427047, 616.9382425692583, 616.9384507958822]"
10,7,"[617.5630493164062, 613.860107421875, 609.8457641601562, 605.5945434570312, 601.1005859375, 596.3162231445312, 591.2349243164062, 585.8064575195312, 580.0028686523438, 573.7931518554688, 567.1403198242188, 560.0154418945312, 552.3909301757812, 544.2301025390625, 535.5154418945312, 526.2359619140625, 516.335205078125, 505.7577819824219, 494.6060791015625, 482.8993225097656, 470.651611328125, 457.9375305175781, 444.8244934082031, 431.4012451171875, 417.7740173339844, 404.0473327636719, 390.2695007324219, 376.6378479003906, 363.275634765625, 350.2940979003906, 337.778564453125, 325.8256530761719, 314.5158386230469, 303.8926086425781, 293.9734191894531, 284.7641906738281, 276.1959533691406, 267.9736633300781, 260.1768798828125, 252.4966583251953, 245.3090057373047, 238.56683349609375, 232.22706604003906, 226.24356079101562, 220.54061889648438, 214.96714782714844, 209.6108856201172, 204.43946838378906, 199.42991638183594, 194.58912658691406, 189.88909912109375]","[617.5630493164062, 617.5570373916804, 617.5530703835345, 617.5418004097418, 617.5474304553148, 617.5436056196193, 617.5341782956127, 617.5385806549526, 617.5552518774189, 617.55531457308, 617.5262346260597, 617.5402235055361, 617.54867164244, 617.6176934693154, 617.5238766555817, 617.5230472048177, 617.5249991397014, 617.4815184863942, 617.5077648761313, 617.5787029507094, 617.6841997143507, 617.6050932193439, 617.7454056475189, 617.4909023096504, 617.7094393877865, 617.5956177721953, 617.647625729542, 617.5760841870689, 617.5039702649201, 617.6082640223129, 617.4982251614548, 617.4083848888388, 617.0990979315577, 617.5278920385327, 617.7856878401221, 617.4799483404736, 617.1366131457041, 617.7007778593626, 617.567842222457, 618.2177441090877, 617.119304047441, 617.492111137581, 616.9577041532094, 616.5588215883381, 616.3907103229067, 616.3085680672135, 617.9041298522809, 616.9858816174544, 621.352370943657, 619.1137712397222, 617.002923264818]","[617.5630493164062, 617.5579376894237, 617.5528261047507, 617.5477145623867, 617.5426030623313, 617.5374916045844, 617.5323801891454, 617.5272688160142, 617.5221574851902, 617.5170461966732, 617.5119349504628, 617.5068237465587, 617.5017125849604, 617.4966014656678, 617.4914903886803, 617.4863793539977, 617.4812683616196, 617.4761574115457, 617.4710465037757, 617.465935638309, 617.4608248151455, 617.4557140342847, 617.4506032957264, 617.4454925994701, 617.4403819455155, 617.4352713338623, 617.43016076451, 617.4250502374584, 617.4199397527073, 617.414829310256, 617.4097189101043, 617.4046085522518, 617.3994982366983, 617.3943879634434, 617.3892777324866, 617.3841675438276, 617.3790573974663, 617.3739472934021, 617.3688372316346, 617.3637272121638, 617.3586172349889, 617.3535073001098, 617.3483974075261, 617.3432875572374, 617.3381777492435, 617.333067983544, 617.3279582601384, 617.3228485790265, 617.317738940208, 617.3126293436823, 617.3075197894492]"
10,8,"[614.9007568359375, 608.5742797851562, 602.2013549804688, 595.6970825195312, 589.0226440429688, 582.1016845703125, 574.8492431640625, 567.2252197265625, 559.1322021484375, 550.5711059570312, 541.4425659179688, 531.82568359375, 521.6810913085938, 510.93304443359375, 499.6242980957031, 487.80889892578125, 475.5513916015625, 462.9024963378906, 449.94281005859375, 436.75128173828125, 423.4271545410156, 410.0860900878906, 396.82440185546875, 383.7554016113281, 370.97296142578125, 358.5955810546875, 346.722412109375, 335.4538269042969, 324.8251647949219, 314.8704833984375, 305.6156921386719, 296.9726867675781, 288.6824951171875, 281.0107727050781, 273.88525390625, 267.3003234863281, 261.1963806152344, 255.52589416503906, 250.22483825683594, 245.24851989746094, 240.53375244140625, 236.05274963378906, 231.75811767578125, 227.61398315429688, 223.60205078125, 219.69607543945312, 215.8650360107422, 212.0966796875, 208.37701416015625, 204.6994171142578, 201.05294799804688]","[614.9007568359375, 614.9007366416166, 614.9012852301205, 614.8994123916733, 614.8888282648419, 614.9082903083921, 614.9148021793656, 614.8871773956745, 614.9203036590594, 614.8919214440327, 614.9025752929608, 614.9180485909878, 614.9692306685824, 614.9872861056232, 614.9046980144774, 614.9004162017596, 614.8987264552472, 614.9426952587935, 614.9060603160868, 615.1545794318414, 614.9522506897741, 615.2294124019844, 614.8964414559209, 614.9068853366603, 615.5376917534536, 615.0046801942603, 615.6504831903854, 615.1003778008658, 614.8840057541241, 615.2251595595093, 614.9409397980022, 615.4604259872922, 615.0894651002158, 615.6781034989493, 615.3858595074814, 615.3607714297718, 615.2510853157282, 615.4631859620075, 615.1901404538916, 616.9983880492846, 615.7236846952325, 614.9010311859453, 617.8868179927975, 615.0424440139429, 617.9218454775257, 617.5849204275834, 616.1839750455089, 615.0793930333386, 616.2848005244122, 615.4049854221803, 617.1573310634434]","[614.9007568359375, 614.9001998905461, 614.8996429456591, 614.8990860012767, 614.8985290573986, 614.897972114025, 614.8974151711559, 614.8968582287912, 614.8963012869309, 614.8957443455752, 614.8951874047239, 614.8946304643769, 614.8940735245344, 614.8935165851964, 614.8929596463629, 614.8924027080337, 614.8918457702091, 614.8912888328889, 614.8907318960731, 614.8901749597618, 614.8896180239549, 614.8890610886525, 614.8885041538545, 614.8879472195609, 614.8873902857719, 614.8868333524872, 614.886276419707, 614.8857194874312, 614.8851625556598, 614.8846056243929, 614.8840486936305, 614.8834917633724, 614.8829348336188, 614.8823779043697, 614.881820975625, 614.8812640473847, 614.8807071196488, 614.8801501924174, 614.8795932656905, 614.8790363394679, 614.8784794137498, 614.8779224885362, 614.877365563827, 614.8768086396221, 614.8762517159219, 614.8756947927259, 614.8751378700345, 614.8745809478473, 614.8740240261648, 614.8734671049865, 614.8729101843128]"
10,9,"[681.922607421875, 669.9922485351562, 659.2499389648438, 649.43798828125, 640.3576049804688, 631.8193969726562, 623.7716064453125, 615.995361328125, 608.3677978515625, 600.79541015625, 593.15234375, 585.3802490234375, 577.4572143554688, 569.335693359375, 560.8941650390625, 552.136474609375, 542.9315185546875, 533.2333984375, 523.0081787109375, 512.2116088867188, 500.8852844238281, 489.0655212402344, 476.72344970703125, 463.8883972167969, 450.6434326171875, 437.0500793457031, 423.17144775390625, 409.1102294921875, 394.94183349609375, 380.74871826171875, 366.31085205078125, 352.1079406738281, 338.2799987792969, 324.82891845703125, 311.9415283203125, 299.414794921875, 287.1957702636719, 275.6627197265625, 264.84307861328125, 254.73324584960938, 245.31317138671875, 236.52928161621094, 228.34689331054688, 220.7154541015625, 213.58233642578125, 206.89321899414062, 200.59698486328125, 194.64572143554688, 188.99684143066406, 183.61410522460938, 178.4491729736328]","[681.922607421875, 681.9239224357385, 681.927345197961, 681.9254073245601, 681.9349278756968, 681.9299773173833, 681.9240443279739, 681.9300356765935, 681.923104007794, 681.9292826399302, 681.9265579782927, 681.314721104969, 681.382173230972, 681.6106714888837, 681.651950674279, 681.6077815979932, 681.3024745491583, 681.2950050509444, 681.6734815672635, 681.4050761238949, 681.7707709920833, 681.145868386097, 681.4603237998547, 681.6480961407011, 681.6405402165904, 681.7244675369133, 681.7237111219681, 682.007502755277, 682.1610074975041, 681.7872725793407, 681.9040901711771, 681.7629897862158, 682.1467293509417, 681.9756137878446, 681.8185793119002, 683.1311136180509, 681.8490642057023, 682.3339390245479, 682.1689117532951, 682.607927420368, 681.7610212786141, 681.4576853883138, 681.7930363125131, 681.9667591542664, 681.6024794493055, 681.9231228618462, 683.6882284853747, 683.9263676704629, 683.0702505588279, 683.1915916455719, 684.1434495517384]","[681.922607421875, 681.9252785960772, 681.9279497807428, 681.9306209758715, 681.9332921814639, 681.9359633975197, 681.938634624039, 681.9413058610215, 681.943977108468, 681.9466483663778, 681.9493196347513, 681.9519909135885, 681.9546622028894, 681.9573335026541, 681.9600048128826, 681.9626761335751, 681.9653474647313, 681.9680188063516, 681.9706901584357, 681.9733615209838, 681.976032893996, 681.9787042774725, 681.9813756714128, 681.9840470758176, 681.9867184906864, 681.9893899160195, 681.9920613518168, 681.9947327980786, 681.9974042548048, 682.0000757219952, 682.0027471996503, 682.0054186877697, 682.0080901863539, 682.0107616954026, 682.0134332149158, 682.0161047448937, 682.0187762853363, 682.0214478362439, 682.024119397616, 682.026790969453, 682.0294625517549, 682.0321341445218, 682.0348057477536, 682.0374773614503, 682.0401489856122, 682.042820620239, 682.0454922653311, 682.0481639208882, 682.0508355869106, 682.0535072633983, 682.0561789503511]"
100,0,"[621.4237670898438, 588.0203857421875, 556.7627563476562, 527.2322387695312, 499.1074523925781, 472.1513977050781, 446.20770263671875, 421.18438720703125, 397.0331115722656, 373.7409362792969, 351.3204345703125, 329.7911682128906, 309.18621826171875, 289.5825500488281, 271.0389099121094, 253.60142517089844, 237.30746459960938, 222.18011474609375, 208.20660400390625, 195.38943481445312, 183.6824188232422, 173.03680419921875, 163.39529418945312, 154.67161560058594, 146.7852325439453, 139.66030883789062, 133.2176513671875, 127.37739562988281, 122.05776977539062, 117.19453430175781, 112.72886657714844, 108.61015319824219, 104.79358673095703, 101.24026489257812, 97.91839599609375, 94.8011703491211, 91.86711883544922, 89.09441375732422, 86.46656036376953, 83.96788024902344, 81.5887222290039, 79.31918334960938, 77.14920043945312, 75.07177734375, 73.0829086303711, 71.17726135253906, 69.34786987304688, 67.59342193603516, 65.9098892211914, 64.29228210449219, 62.74018096923828]","[621.4237670898438, 596.4212451206382, 567.4862753281909, 531.4894517005515, 480.92005592362796, 458.62212079712396, 415.49563058338384, 364.75185959284516, 316.57490053765065, 267.13369557741856, 136.28982939273274, 191.87807082739374, 161.2563629697416, 131.53559481201717, 104.48840149878556, 81.40459134222573, 63.4127892787667, 51.54097952082808, 40.2615300527665, 29.80499732216034, 24.077608774348256, 7.784667825767697, 5.103117106125179, 0.24476757911442637, 0.18743764579596658, 0.10563963236668152, 0.6420152904277421, 0.45703481910193, 0.2886821774075177, 0.7792305203673072, 0.5336433283142085, 0.3589719725940086, 0.2411669618949207, 0.1601684460964162, 0.10649119686770567, 0.0648665164626749, 0.04315162500243094, 0.026705618028473564, 0.018303742717037417, 0.011365037395298382, 0.0077399883568789775, 0.005225180512986802, 0.0031612125455801918, 0.0020030964633128002, 0.21889812151613458, 0.15155880570843025, 0.11526221486580229, 0.09318465163040635, 0.08327640606543468, 0.06860680722334025, 0.04547232848994293]","[621.4237670898438, 596.5062633088656, 572.5878877034684, 549.6285777890622, 527.5898774842306, 506.4348726980708, 486.12812950031844, 466.63563477069096, 447.9247392280415, 429.964102743897, 412.72364184878455, 396.1744793434192, 380.28889593035433, 365.04028378507957, 350.4031019887982, 336.352833748237, 322.86594533083166, 309.91984664650676, 297.492853410025, 285.56415082053013, 274.11375869744677, 263.1224980143415, 252.57195877469113, 242.44446917574965, 232.723066008866, 223.39146624667288, 214.4340397695569, 205.83578318572745, 197.58229470103382, 189.65974999643848, 182.05487907274178, 174.7549440237743, 167.74771770082702, 161.02146323258347, 154.56491436625012, 148.36725659695728, 142.4181090538226, 136.7075071123373, 131.22588570395098, 125.96406329489972, 120.91322650744183, 116.06491535774316, 111.41100908568495, 106.94371255286055, 102.65554318597748, 98.5393184437958, 94.58814378661006, 90.79540112812431, 87.1547377503775, 83.66005566315181, 80.3055013900417]"
100,1,"[603.39599609375, 571.4649047851562, 541.1730346679688, 512.2066040039062, 484.3434753417969, 457.41680908203125, 431.30926513671875, 405.9766845703125, 381.4086608886719, 357.62750244140625, 334.6708984375, 312.5930480957031, 291.4788818359375, 271.4024353027344, 252.44313049316406, 234.65975952148438, 218.1097869873047, 202.82003784179688, 188.79959106445312, 176.0213623046875, 164.4474639892578, 154.01763916015625, 144.65524291992188, 136.27529907226562, 128.78753662109375, 122.0926284790039, 116.1008529663086, 110.72541809082031, 105.8885269165039, 101.51980590820312, 97.55333709716797, 93.93474578857422, 90.6184310913086, 87.56430053710938, 84.73475646972656, 82.08908081054688, 79.61517333984375, 77.29769134521484, 75.11557006835938, 73.0537338256836, 71.1033706665039, 69.2572250366211, 67.50395965576172, 65.83628845214844, 64.24752044677734, 62.73250961303711, 61.284210205078125, 59.8979377746582, 58.571815490722656, 57.3029899597168, 56.0898323059082]","[603.39599609375, 580.0670490619831, 550.8997845029712, 520.9803301171648, 487.95598161396555, 451.239648841856, 403.42331151767576, 368.55651880988484, 328.9340964349527, 252.17632554303987, 207.31310716975787, 169.36280164931884, 133.51570968870067, 105.72323643084009, 76.57567991215502, 51.79732813310426, 34.6412443226634, 23.165186983708562, 14.96292645063049, 3.4550255576503255, 4.217008293785812, 2.226685944630001, 4.545305197644979, 3.182295346924185, 2.771145438779221, 1.7389475462228952, 1.507761948207606, 0.9390154692083416, 0.5798445652504511, 0.4601537112849982, 0.3430809591421461, 1.5467696002786706, 1.1301671931486925, 0.8293404858353398, 0.6147520958591655, 0.44649693766632176, 0.3185368304241457, 0.2990756904463745, 0.2491206264846879, 0.18077593443939777, 0.12865316833489146, 0.09062690194908989, 0.1270493121323614, 0.09688085813096238, 0.07601715901689014, 0.04837925957213038, 0.009655752154909762, 0.007008833071546241, 0.00474027830556526, 0.00333233537640716, 0.002362577399535716]","[603.39599609375, 582.9913389450655, 563.2766930593837, 544.2287247663761, 525.824889455546, 508.0434048930957, 490.8632254411206, 474.264017148616, 458.22613368481564, 442.7305930863772, 427.75905529089323, 413.29380043013725, 399.31770785735273, 385.8142358837636, 372.76740220032184, 360.16176496151996, 347.982404508881, 336.2149057124931, 324.8453409096885, 313.8602534206759, 303.24664162161275, 292.9919435562686, 283.08402206806653, 273.5111504349043, 264.2619984897539, 255.3256192106116, 246.69143576392756, 238.34922898617896, 230.2891252887712, 222.50158497195125, 214.97739093390175, 207.70763776165262, 200.68372119089832, 193.8973279222459, 187.34042578184, 181.00525421472025, 174.88431509965858, 168.97036387460506, 163.25640096223913, 157.73566348547755, 152.40161726313343, 147.2479490762532, 142.26855919597784, 137.45755416408463, 132.80923981766477, 128.31811454968104, 123.97886279742869, 119.78634875119317, 115.73561027565798, 111.82185303686838, 108.04044482780004]"
100,2,"[619.9095458984375, 579.843994140625, 542.7886962890625, 508.247802734375, 475.8658447265625, 445.4071044921875, 416.7309265136719, 389.7550048828125, 364.42608642578125, 340.7052307128906, 318.570068359375, 298.006591796875, 278.98126220703125, 261.4702453613281, 245.40252685546875, 230.7324981689453, 217.3865203857422, 205.2672882080078, 194.28311157226562, 184.32351684570312, 175.28192138671875, 167.06187438964844, 159.56610107421875, 152.7058868408203, 146.40090942382812, 140.58389282226562, 135.19296264648438, 130.16329956054688, 125.4566421508789, 121.0356216430664, 116.86502075195312, 112.92337799072266, 109.19216918945312, 105.6463394165039, 102.2712173461914, 99.05270385742188, 95.97736358642578, 93.0335464477539, 90.21572875976562, 87.51575469970703, 84.92808532714844, 82.4457015991211, 80.06608581542969, 77.7878189086914, 75.5960693359375, 73.49120330810547, 71.4681167602539, 69.52749633789062, 67.65904998779297, 65.86360168457031, 64.13790130615234]","[619.9095458984375, 598.8789423148194, 573.7317966104305, 540.2190156639577, 534.7128240765112, 500.2618919792313, 465.3198303938336, 409.2964514755887, 373.1979537581388, 319.02065394387677, 239.51562257677315, 98.01172054234557, 105.98927020347976, 74.36615719899733, 51.51204902067787, 32.88629652296687, 20.469406930176383, 12.24703339963132, 8.551389834894076, 3.9146324995551556, 2.0585246774046375, 1.2469368450922764, 0.7220146986688201, 0.9520391814520874, 0.6815185057985298, 0.4096874085243919, 0.19377650421737852, 0.11125224491586325, 0.08472365925540297, 0.04618671246528717, 0.018150676060083814, 0.010158392275517498, 2.7813605003558988, 1.9754964089813756, 0.006555439082074426, 0.003557632738825785, 0.7776609188387398, 0.6354661837615176, 0.4870021673749607, 0.36050023137642834, 0.26551486349728026, 0.22054175388413935, 0.1265811436711004, 0.09877153932591243, 0.07157263400807724, 0.03879221365602951, 0.026335007776792013, 0.03992470773081219, 0.03008024419007657, 0.02280488319899893, 0.018410420038478523]","[619.9095458984375, 599.9754496606545, 580.6823633822215, 562.0096744523096, 543.9374330886752, 526.4463310234413, 509.5176808742655, 493.13339617885987, 477.2759720715293, 461.9284665810846, 447.0744825301477, 432.6981500165117, 418.784109457838, 405.31749518157625, 392.28391954257415, 379.6694575514087, 367.46063199701626, 355.64439904772524, 344.20813431530996, 333.1396193671738, 322.42702867225375, 312.0589169666984, 302.02420702581986, 292.3121778292583, 282.9124531067114, 273.8149902519928, 265.0100695935761, 256.488284010159, 248.2405288801549, 240.25799235437296, 232.53214594149438, 225.05473539628656, 217.81777190081974, 210.8135235292649, 204.0345069871531, 197.47347961627133, 191.12343165665243, 184.9775787573921, 179.02935472829145, 173.27240452458116, 167.70057745723193, 162.30792062159748, 157.08867253736895, 152.03725699304607, 147.14827708834804, 142.41650946819968, 137.83689874213198, 133.40455208313506, 129.11473400019293, 124.96286127891484, 120.94449808485822]"
100,3,"[604.8463745117188, 577.303466796875, 551.0258178710938, 525.7702026367188, 501.3363952636719, 477.5718078613281, 454.3617248535156, 431.6236572265625, 409.3017272949219, 387.36199951171875, 365.80828857421875, 344.66522216796875, 323.9861755371094, 303.81622314453125, 284.2240905761719, 265.32489013671875, 247.22927856445312, 230.0211181640625, 213.78929138183594, 198.5798797607422, 184.44366455078125, 171.41712951660156, 159.50479125976562, 148.6947784423828, 138.94058227539062, 130.17996215820312, 122.36050415039062, 115.39784240722656, 109.21066284179688, 103.70968627929688, 98.81786346435547, 94.45759582519531, 90.55702209472656, 87.05204010009766, 83.88874053955078, 81.01744842529297, 78.39585876464844, 75.98761749267578, 73.7624740600586, 71.69050598144531, 69.75386047363281, 67.93482971191406, 66.22148895263672, 64.60031127929688, 63.061222076416016, 61.5965690612793, 60.199764251708984, 58.86640167236328, 57.5915641784668, 56.369972229003906, 55.1999397277832]","[604.8463745117188, 570.7676773558741, 537.9126809040642, 499.4907360050502, 464.05821523749574, 414.1071244059083, 360.36504941687025, 295.53278120044683, 393.3935420267512, 354.62988189449555, 313.5637121274677, 282.31790517735203, 243.7413269808696, 211.44438591236346, 174.96143915527512, 142.98108929378213, 112.19497966043235, 89.03075787272121, 69.11087335857388, 51.17149735114497, 5.37729078270175, 2.041800161604184, 1.6050445990255766, 0.8358014488744394, 0.486476022400381, 0.3123912502648316, 0.06203612653226773, 0.027153825423821155, 0.012652791466532807, 0.023627106075590112, 0.01262256524320698, 0.015069814354581183, 0.008011990529302281, 0.004789585022611653, 0.0025438174200544885, 0.0015811587887692644, 0.0008050372021241036, 0.0004357252608118772, 0.00030478414436222064, 0.0001667256029929741, 8.18025099871923e-05, 0.00010463306215657845, 3.076558128783807e-05, 1.7072954292976724e-05, 1.8697264632282187e-05, 1.8115493786105387e-05, 1.10682560012023e-05, 5.856583635546363e-07, 1.9425958032986378e-07, 9.660325918013812e-08, 4.925222409239941e-08]","[604.8463745117188, 576.8904409201782, 550.2266275361953, 524.795212704426, 500.5392350979353, 477.4043661361188, 455.338788299454, 434.2930790685301, 414.22010022740415, 395.0748922833426, 376.81457376647234, 359.39824518379015, 342.7868974124072, 326.9433243268487, 311.8320394647092, 297.4191965440129, 283.6725136542526, 270.56120095131104, 258.05589169431425, 246.12857646995516, 234.75254045696067, 223.90230359018898, 213.55356349033573, 203.68314103142256, 194.2689284241508, 185.28983969883666, 176.7257634770199, 168.55751792596362, 160.76680779515195, 153.3361834385565, 146.2490017308888, 139.4893887902997, 133.04220442403107, 126.89300821738618, 121.02802719006364, 115.43412494741237, 110.09877225751221, 105.01001898817849, 100.1564673410353, 95.52724632270706, 91.11198739594863, 86.90080125617774, 82.88425568139344, 79.05335440586894, 75.39951697030014, 71.9145595032779, 68.59067639103883, 65.42042279443802, 62.39669797398548, 59.512729385597495, 56.76205751144071]"
100,4,"[619.605712890625, 584.7689819335938, 552.13330078125, 521.2698364257812, 491.8856201171875, 463.7803955078125, 436.8119201660156, 410.8760070800781, 385.927490234375, 361.966796875, 338.9936828613281, 317.0391540527344, 296.1640319824219, 276.3888854980469, 257.81011962890625, 240.4639129638672, 224.3623046875, 209.5022430419922, 195.8389129638672, 183.36517333984375, 172.02969360351562, 161.75120544433594, 152.45582580566406, 144.06239318847656, 136.47665405273438, 129.61131286621094, 123.38343048095703, 117.71749114990234, 112.54475402832031, 107.7989273071289, 103.42901611328125, 99.38676452636719, 95.6352767944336, 92.13744354248047, 88.8612289428711, 85.78462982177734, 82.8835220336914, 80.14556884765625, 77.55806732177734, 75.10687255859375, 72.7787857055664, 70.56767272949219, 68.46422576904297, 66.46345520019531, 64.55963897705078, 62.747840881347656, 61.02375411987305, 59.3776969909668, 57.806922912597656, 56.304141998291016, 54.86284637451172]","[619.605712890625, 565.1652001854084, 516.335151569819, 467.4374009653985, 425.08604751252426, 358.5355038058084, 290.89930913018435, 219.89592126924134, 160.65701883479764, 93.58509140663926, 73.66857105708642, 28.04229400202972, 51.63431907333697, 32.13685482552761, 15.261148834876032, 13.961598390446646, 7.622577443733703, 10.87739695335746, 3.243957301890596, 4.983226006129073, 2.388055238085928, 1.2194907830471757, 0.5087463855443135, 0.2809966319440914, 0.1379988049886693, 0.0620915661345228, 0.04306178013199408, 0.024092765108649283, 0.014705200309728885, 0.006877531710027178, 0.003959290496762784, 0.0016076463840621238, 0.0007233644069630278, 0.0005631317000884789, 0.0003419333974673406, 3.902561228207373e-05, 1.5363675382681752e-05, 1.2958879074493261e-05, 4.198086443133731e-06, 1.2322744614678744e-06, 4.401272809179089e-07, 8.031305384502376e-07, 9.662807958452529e-08, 1.1648813849677884e-08, 4.365405942174624e-09, 2.1946383901138757e-09, 3.087159210666551e-09, 1.3093490551166236e-09, 1.7492932854887113e-10, 5.3274573905613586e-08, 2.7990633925149463e-08]","[619.605712890625, 564.1859921130017, 513.7232066688845, 467.77399077519476, 425.93463484857824, 387.8375385150039, 353.1479808746979, 321.5611796459752, 292.79961334962167, 266.6105830065517, 242.7639919258289, 221.05032407627894, 201.27880327967677, 183.27571705218918, 166.88289036735196, 151.95629593107057, 138.3647887585271, 125.98895393499312, 114.72005743697989, 104.45909079564643, 95.11590120888252, 86.60839945923551, 78.86183867845239, 71.80815762186519, 65.38538268263247, 59.5370833919363, 54.211876621162666, 49.362975129987824, 44.94777649391651, 40.927488799591146, 37.26678981923324, 33.933516669724916, 30.898383229677137, 28.134722831712118, 25.618253969255797, 23.32686695934129, 21.240429687043797, 19.34061072481854, 17.61071827266912, 16.0355535040754, 14.601277029178899, 13.295287301972074, 12.10610990317743, 11.023296726056602, 10.037334179396247, 9.139559601142755, 8.32208514829634, 7.577728494361479, 6.899949725461902, 6.282793880689635, 5.720838631847951]"
100,5,"[632.2947387695312, 599.8265380859375, 569.2318115234375, 540.1444702148438, 512.3163452148438, 485.5440368652344, 459.6944885253906, 434.6490173339844, 410.3543395996094, 386.7713317871094, 363.9251708984375, 341.85858154296875, 320.6000061035156, 300.20538330078125, 280.7476501464844, 262.2666931152344, 244.8358917236328, 228.5127410888672, 213.3119659423828, 199.2285919189453, 186.2812042236328, 174.45001220703125, 163.6826629638672, 153.9160919189453, 145.08090209960938, 137.08648681640625, 129.86630249023438, 123.32275390625, 117.39923095703125, 112.018798828125, 107.11273193359375, 102.63214874267578, 98.52515411376953, 94.74138641357422, 91.23785400390625, 87.97809600830078, 84.93254089355469, 82.07937622070312, 79.39728546142578, 76.86736297607422, 74.47660827636719, 72.21259307861328, 70.06468963623047, 68.02407836914062, 66.08346557617188, 64.235595703125, 62.47541809082031, 60.79948425292969, 59.195831298828125, 57.666141510009766, 56.20296859741211]","[632.2947387695312, 587.3782335888177, 545.724803997806, 499.87054896879687, 449.29857051560504, 403.7719096003065, 368.4250642066749, 317.4541130355921, 264.409162867894, 207.22742638053765, 153.6369898193803, 115.14832989254462, 88.55056783002131, 60.75979483753796, 38.440553452188496, 24.213182121087076, 15.665626838825576, 9.144385074965358, 7.288165317606758, 6.4987634494604665, 4.045099545818349, 1.9305065271742095, 1.0476865102775827, 0.3492374580303573, 0.24806661819463588, 0.12289733939432847, 0.10385963921860551, 0.05541381142716132, 0.02463107563545804, 0.014373008275690656, 0.007869952791572463, 0.0033797524616806483, 0.0007074701415318693, 0.00038934689745749633, 0.00022014783493790125, 0.0001136326348357195, 5.595919516158704e-05, 2.176901001411394e-05, 1.1028307740720205e-05, 1.4654204784326661e-05, 7.399009943550021e-06, 0.00015964225910679186, 8.310055372804913e-05, 4.9370181026109986e-05, 2.5163615098820737e-05, 1.3125335881468216e-05, 6.1333644017670785e-06, 2.425110744454366e-06, 3.43320281608259e-08, 2.3972953271607302e-08, 1.2179299303591534e-08]","[632.2947387695312, 583.6279357745879, 538.7069455604968, 497.24345838579734, 458.97135528894313, 423.6450000963677, 391.03766289219453, 360.9400648311832, 333.15903495529807, 307.51627039314536, 283.84719198504877, 261.9998879889936, 241.83413908798119, 223.22051844114486, 206.03956100261712, 190.18099677671123, 175.5430430883321, 162.03175132630045, 149.56040396688965, 138.0489580075808, 127.42353123890895, 117.61592805721563, 108.5632017749014, 100.2072506190193, 92.49444482526701, 85.37528243400968, 78.80407157918069, 72.73863723094186, 67.14005050993295, 61.97237883580812, 57.20245530647508, 52.79966582787721, 48.73575262808582, 44.98463289462578, 41.52223137102149, 38.326325838142274, 35.376404488623116, 32.653534278967946, 30.140239414399414, 27.820389186552337, 25.679094444136176, 23.70261203209947, 21.878256585972284, 20.194319115269348, 18.639991853409818, 17.205298891828974, 15.88103215308111, 14.658692291999218, 13.530434145606115, 12.48901638166631, 11.527755022715297]"
100,6,"[631.1410522460938, 595.7863159179688, 562.5656127929688, 531.0873413085938, 501.0594177246094, 472.275146484375, 444.590087890625, 417.90972900390625, 392.1894836425781, 367.420654296875, 343.5888977050781, 320.7544860839844, 298.9660949707031, 278.2886047363281, 258.7877197265625, 240.51344299316406, 223.50193786621094, 207.76976013183594, 193.3150177001953, 180.10467529296875, 168.09820556640625, 157.24063110351562, 147.4492645263672, 138.6466064453125, 130.74578857421875, 123.65191650390625, 117.2812728881836, 111.54962158203125, 106.376708984375, 101.69140625, 97.42767333984375, 93.53230285644531, 89.96160125732422, 86.6693344116211, 83.62133026123047, 80.7873306274414, 78.14166259765625, 75.66270446777344, 73.33139038085938, 71.13137817382812, 69.05494689941406, 67.08777618408203, 65.2231216430664, 63.4520378112793, 61.767547607421875, 60.162410736083984, 58.630531311035156, 57.169166564941406, 55.77383804321289, 54.44102478027344, 53.16648483276367]","[631.1410522460938, 599.6064543875613, 569.3054843055753, 538.9128377555323, 491.35714225473356, 437.80541874904185, 389.3914458123771, 324.61556948880667, 194.64910015504148, 173.46656092267176, 273.6167445538938, 232.34730783743706, 196.99559516990945, 161.4942553350701, 72.34788234411727, 48.48341307900654, 31.648409451500147, 8.193183581583584, 8.634123238923074, 5.256713818482678, 2.2641259694760247, 1.3867095097812248, 1.79267792773762, 1.8636456616660824, 7.871580170847319, 5.37529752056151, 3.817374765330789, 2.526614288119216, 1.7112988852672737, 1.157504920662667, 0.8055526645356825, 0.5514204465902691, 0.3682316966108445, 0.2417300630163247, 0.15911844862926489, 0.14057676177042744, 0.13169696427678637, 0.09089742367513672, 0.05895860548049327, 0.03803872117386068, 0.025700696646175858, 0.01783699379811301, 0.0128802270844789, 0.0028395085190546414, 0.0019889403440182707, 0.00123698263822346, 0.0007611854892797931, 0.0004567345916168307, 0.0002781059160563874, 0.00015197259280164808, 8.730645089700453e-05]","[631.1410522460938, 598.7387355268208, 567.9999298801356, 538.8392318729258, 511.17562262142604, 484.9322426916846, 460.0361785564737, 436.4182600153444, 414.0128680149879, 392.75775233595675, 372.5938586392158, 353.4651643919963, 335.3185232170953, 318.1035172331671, 301.77231697575655, 286.2795485098818, 271.5821673649603, 257.6393389418223, 244.4123250595405, 231.86437632686142, 219.9606300392087, 208.66801331757893, 197.95515122021482, 187.7922795717581, 178.15116226768873, 169.00501282429389, 160.32841995620348, 152.09727697472, 144.2887148107868, 136.88103847650677, 129.853666788681, 123.18707518689567, 116.8627414872866, 110.86309442126577, 105.17146481623124, 99.77203928262384, 94.64981627865615, 89.7905644306458, 85.18078299315246, 80.80766433906182, 76.65905837540151, 72.72343878602253, 68.98987100735654, 65.44798184827438, 62.08793066963843, 58.90038204347579, 55.87647981580906, 53.007822501082615, 50.28643993982059, 47.704771154663774, 45.255643343261106]"
100,7,"[598.0388793945312, 564.0062255859375, 531.8790283203125, 501.3116455078125, 472.068359375, 443.9817199707031, 416.9490966796875, 390.9316101074219, 365.9261779785156, 341.9544677734375, 319.0361022949219, 297.2254638671875, 276.58111572265625, 257.169921875, 239.0382843017578, 222.2136688232422, 206.69314575195312, 192.46722412109375, 179.50120544433594, 167.7335205078125, 157.08050537109375, 147.47474670410156, 138.8277587890625, 131.04696655273438, 124.03802490234375, 117.71597290039062, 111.99896240234375, 106.80963134765625, 102.07806396484375, 97.74962615966797, 93.7735824584961, 90.10575103759766, 86.7099838256836, 83.5539321899414, 80.60771179199219, 77.85121154785156, 75.26689147949219, 72.8393783569336, 70.55559539794922, 68.40341186523438, 66.37560272216797, 64.4588623046875, 62.641212463378906, 60.91840744018555, 59.285194396972656, 57.7374267578125, 56.26935958862305, 54.87223815917969, 53.544803619384766, 52.284393310546875, 51.08635330200195]","[598.0388793945312, 561.33194695128, 521.5458240832238, 473.9536230784992, 436.01993697657883, 402.1583849111455, 351.3474264052985, 297.69581536475306, 226.92675373628595, 173.88880413961166, 144.756540605699, 114.72289622327632, 90.12991819612976, 70.3238453727293, 52.21246257879275, 37.0730677946936, 25.670249348862004, 17.57365312063882, 11.523576713475254, 7.320567284155519, 4.662835168073449, 2.9180051709013264, 1.7555233531361596, 0.9468490219464987, 0.5182308002915855, 0.28628631730601534, 0.2714446280035544, 0.013679466066420398, 0.014256417343522019, 0.007105911359145218, 0.0038079209338492555, 0.001782827722151454, 0.0008838347274648013, 0.0006550499390497588, 0.00045870151630712796, 0.00011776924872657264, 6.159114594048736e-05, 0.00011487278103641007, 7.057878335932718e-05, 0.0001795939415666801, 0.00021669482087860822, 9.782878975649243e-06, 7.5767568199849725e-06, 1.8962876962748627e-05, 3.158545086640309e-05, 3.193374784479532e-05, 1.4215543530925042e-06, 4.503572176653403e-06, 3.618227680261185e-06, 2.5767582271572252e-06, 1.4280168764232867e-06]","[598.0388793945312, 564.2061156210993, 532.2873677151772, 502.1743543443376, 473.76491995972253, 446.96268824300864, 421.67673515886526, 397.8212805037673, 375.3153969047699, 354.08273528105303, 334.05126583688764, 315.15303370736854, 297.3239284279647, 280.50346644583345, 264.6345859350901, 249.66345321996226, 235.53928014913785, 222.21415180176703, 209.64286394062623, 197.78276966102047, 186.59363471519373, 176.0375010214503, 166.07855789495352, 156.68302056336583, 147.81901555520483, 139.45647257210686, 131.5670224781849, 124.12390106041889, 117.10185823359531, 110.47707238178207, 104.22706954575014, 98.33064718219325, 92.76780223610555, 87.51966328231013, 82.56842650593445, 77.8972953046529, 73.49042330780244, 69.33286061906946, 65.41050310038084, 61.71004452495005, 58.21893143716158, 54.92532056616053, 51.81803864867668, 48.886544524786, 46.12089337802283, 43.511702998531, 41.05012195480448, 38.727799566043466, 36.5368575732598, 34.46986341302874, 32.51980500322073]"
100,8,"[653.36083984375, 614.769287109375, 578.7930297851562, 544.9332885742188, 512.8224487304688, 482.1844177246094, 452.84356689453125, 424.6826477050781, 397.643798828125, 371.7206726074219, 346.92596435546875, 323.2928771972656, 300.8536071777344, 279.6837158203125, 259.83599853515625, 241.35107421875, 224.2295379638672, 208.4909210205078, 194.1031036376953, 181.0274200439453, 169.1989288330078, 158.5393524169922, 148.9555206298828, 140.34788513183594, 132.62184143066406, 125.6772232055664, 119.41987609863281, 113.7630844116211, 108.62960052490234, 103.94811248779297, 99.66070556640625, 95.71862030029297, 92.07886505126953, 88.70438385009766, 85.5638198852539, 82.62824249267578, 79.87712097167969, 77.29349517822266, 74.86197662353516, 72.5694808959961, 70.40507507324219, 68.356201171875, 66.41212463378906, 64.56633758544922, 62.81342697143555, 61.14885711669922, 59.5643424987793, 58.054447174072266, 56.61354446411133, 55.241397857666016, 53.936153411865234]","[653.36083984375, 618.8974244180889, 591.0621529975293, 558.7230647711206, 528.3016001094052, 489.43909472352533, 443.01444633349104, 389.1856339148165, 327.2523544830344, 268.739230058657, 256.7468124316331, 197.41855241271793, 147.25318123273593, 118.76676934243794, 83.89560251942696, 98.6774887406683, 71.40601168703573, 51.23660088813098, 48.89430003160813, 38.32316435296504, 27.335675965955765, 23.00341431279615, 17.588151389185523, 16.11686307488802, 11.755993645260459, 8.36933809656628, 5.981216345136748, 4.372567849434738, 3.038632288362938, 1.466828979951374, 0.06267084285815848, 0.0069011756401351895, 0.0036104604251155246, 0.001821861326520283, 0.0008320073601852418, 0.000319979312051253, 0.00013584069626693931, 3.799769976863162e-05, 1.6544418399198388e-05, 5.510969211387011e-05, 3.059076613450837e-05, 1.5782330067487264e-05, 7.705722211796938e-06, 3.583666211439913e-06, 8.229223422349977e-07, 3.697066976030303e-07, 3.457135039171073e-08, 1.3579505335586208e-08, 9.595644778120947e-09, 2.520825772622865e-09, 2.646224090505055e-05]","[653.36083984375, 616.4018041006489, 581.5334512386745, 548.6375164053608, 517.6024247036892, 488.32291275755796, 460.699671684374, 434.63901026381853, 410.05253716033695, 386.85686112153036, 364.97330813559716, 344.32765458848945, 324.8498755157223, 306.4739070949661, 289.13742257385593, 272.78162087302115, 257.35102714732733, 242.7933046288848, 229.0590771136414, 216.10176148947667, 203.87740973777582, 192.34455987259057, 181.46409531180942, 171.19911220335962, 161.5147942564433, 152.3782946532668, 143.75862464073637, 135.62654842425135, 127.95448400710004, 120.71640963912992, 113.88777555738972, 107.44542071938862, 101.36749424655305, 95.63338131143605, 90.22363321730747, 85.11990143297162, 80.30487535907531, 75.76222361482458, 71.47653864596914, 67.43328446617888, 63.61874735456345, 60.019989342113654, 56.62480432930171, 53.4216766860024, 50.399742193316044, 47.548751194817704, 44.85903383225072, 42.32146724775258, 39.92744464137134, 37.668846078923, 35.53801095117762]"
100,9,"[606.8920288085938, 569.10498046875, 533.8986206054688, 500.8534851074219, 469.6846923828125, 440.1908874511719, 412.2264099121094, 385.6899719238281, 360.5409851074219, 336.78753662109375, 314.441650390625, 293.50360107421875, 273.9888000488281, 255.88755798339844, 239.1923828125, 223.8653564453125, 209.8507080078125, 197.08824157714844, 185.49623107910156, 174.99188232421875, 165.47647094726562, 156.86085510253906, 149.05032348632812, 141.94847106933594, 135.4757843017578, 129.55462646484375, 124.12122344970703, 119.11023712158203, 114.46490478515625, 110.14198303222656, 106.10237121582031, 102.31417846679688, 98.74835968017578, 95.37926483154297, 92.18273162841797, 89.15154266357422, 86.26663970947266, 83.52074432373047, 80.89691162109375, 78.38823699951172, 75.98360443115234, 73.6801528930664, 71.47339630126953, 69.36061096191406, 67.33838653564453, 65.3972396850586, 63.53489685058594, 61.750545501708984, 60.04090881347656, 58.39982604980469, 56.821598052978516]","[606.8920288085938, 583.136008887577, 561.0589505052465, 529.7436026887056, 487.2951860750316, 432.333509536718, 368.1267732013238, 306.10453068432696, 235.0931906527833, 177.88607411318046, 120.97523491279775, 88.90236443221394, 55.031374621585, 36.04093060100863, 19.091137978431256, 13.039238230528252, 3.970185201562549, 2.964189723552241, 1.6229891006457855, 0.8165024490781296, 0.7106677364668762, 0.4778748189681741, 0.19093594823883647, 0.037104385724283116, 0.013304656938096586, 0.005188556376126186, 0.0013470584695668153, 0.00031531185120275886, 0.0002068264618592038, 4.2430743735618446e-05, 0.006242533231399223, 0.0023438877187463123, 0.0017401704523559778, 0.0007740831354375175, 0.00040225874497782396, 0.00016617426889314787, 7.13335502657132e-05, 5.3674467661384114e-05, 7.596072994821179e-06, 3.418612257146169e-06, 1.6887159693469765e-06, 6.409999689134023e-07, 2.720753380756219e-07, 1.0188870859651998e-07, 4.683888274951267e-08, 8.059571206332331e-08, 3.209256097687272e-08, 2.7329865658294446e-08, 2.7531558723788544e-11, 2.66085630472612e-14, 7.014929579669189e-15]","[606.8920288085938, 581.1149296304801, 556.4326855674398, 532.7987938025841, 510.1687266771513, 488.49984779774786, 467.75133170684467, 447.8840869651861, 428.8606825011909, 410.6452770885862, 393.20355181940346, 376.5026454451134, 360.5110924640777, 345.1987638386716, 330.53681023038314, 316.4976076459427, 303.05470539207533, 290.1827762408205, 277.8575687115269, 266.05586137961944, 254.75541912605362, 243.9349512450275, 233.5740713310246, 223.6532588696131, 214.1538224596342, 205.05786459749007, 196.3482479571819, 188.00856310256768, 180.02309757100772, 172.37680627014993, 165.05528313208032, 158.0447339714336, 151.33195049632704, 144.9042854231522, 138.7496286483401, 132.85638443220506, 127.21344955188118, 121.81019238218944, 116.6364328650232, 111.68242332951267, 106.938830126833, 102.3967160450542, 98.04752347090201, 93.88305826670508, 89.89547433215199, 86.07725882177117, 82.42121799028294, 78.92046363915517, 75.5684001388273, 72.3587120021517, 69.28535198563996]"
1000,0,"[624.5948486328125, 328.21832275390625, 191.80014038085938, 127.8437271118164, 96.93412017822266, 81.06433868408203, 72.06117248535156, 66.25120544433594, 61.99326705932617, 58.552734375, 55.596256256103516, 52.96685028076172, 50.58586883544922, 48.409793853759766, 46.410987854003906, 44.56978988647461, 42.87071228027344, 41.3007926940918, 39.848426818847656, 38.50348663330078, 37.25682067871094, 36.10019302368164, 35.02611541748047, 34.02775955200195, 33.098899841308594, 32.23387908935547, 31.427471160888672, 30.674999237060547, 29.97210693359375, 29.314809799194336, 28.699512481689453, 28.122949600219727, 27.582040786743164, 27.074087142944336, 26.5965576171875, 26.147117614746094, 25.723648071289062, 25.324209213256836, 24.947011947631836, 24.59039306640625, 24.25287628173828, 23.933059692382812, 23.629648208618164, 23.341482162475586, 23.067455291748047, 22.806594848632812, 22.557964324951172, 22.320707321166992, 22.09404754638672, 21.877283096313477, 21.669679641723633]","[624.5948486328125, 433.8046166480393, 271.2471583473216, 153.81169518727748, 78.08113156020968, 39.48135839580547, 19.30379910083088, 9.305615038075064, 4.496452136686778, 2.1169736137618536, 1.001598726156202, 0.47519651046236666, 0.22147154890030885, 0.0962913020444863, 0.04040944754943695, 0.01878614114757999, 0.00888952740400338, 0.003936182839341114, 0.0018750681615612415, 0.0008263009320355001, 0.000320340609185697, 0.00014059063521675223, 6.333542087905072e-05, 2.698039352632757e-05, 1.3022327489336708e-05, 7.349357136893099e-06, 3.206695142789567e-06, 1.3957988720662894e-06, 6.347574095537734e-07, 2.8146846763566783e-07, 1.1619617126602961e-07, 5.0406006300229554e-08, 2.2508234635799855e-08, 9.616713111738416e-09, 3.559269920066486e-09, 1.4976274285766966e-09, 6.637431549303418e-10, 2.406200290934813e-10, 1.001529395163963e-10, 4.149116511925652e-11, 1.758305666684216e-11, 7.222116651925667e-12, 2.9294482660315253e-12, 1.0766499759131812e-12, 4.354624403661323e-13, 9.615586447139433e-14, 4.3510506095606805e-14, 1.69440886854502e-14, 6.6913643640659705e-15, 2.594299072482756e-15, 1.0835683296408106e-15]","[624.5948486328125, 444.18304938210935, 315.88249853526645, 224.6410641281477, 159.7543641278771, 113.6099357299318, 80.79414648245547, 57.45707066806024, 40.860818679127355, 29.058329701041284, 20.664943882922007, 14.695955000779447, 10.45108540378946, 7.432329924221187, 5.285530255301944, 3.758825343405306, 2.6731032232865126, 1.9009877260940518, 1.3518947952624194, 0.9614052275933512, 0.6837070568530484, 0.48622092555167473, 0.3457778972363888, 0.24590129287743243, 0.1748736582704551, 0.12436208040652584, 0.08844057587632777, 0.06289485859168732, 0.04472792265396311, 0.03180843569307777, 0.02262069242670307, 0.016086793163954873, 0.011440185358533814, 0.008135732193714341, 0.005785757507719523, 0.004114563894322329, 0.0029260880736658814, 0.0020808988837588273, 0.0014798393129034626, 0.0010523934676051278, 0.0007484136966769411, 0.0005322373034567431, 0.0003785026228791532, 0.00026917360845610494, 0.0001914238557665516, 0.0001361318175533879, 9.681067010262912e-05, 6.884728356796146e-05, 4.896101276504408e-05, 3.481881414554972e-05, 2.4761534740308632e-05]"
1000,1,"[620.9588012695312, 325.8051452636719, 191.06431579589844, 128.08030700683594, 97.5472640991211, 81.732666015625, 72.65254974365234, 66.73137664794922, 62.3703727722168, 58.84962844848633, 55.837745666503906, 53.17532730102539, 50.77973556518555, 48.603294372558594, 46.615020751953125, 44.79230499267578, 43.117401123046875, 41.57539367675781, 40.15345764160156, 38.84027862548828, 37.625858306884766, 36.50127029418945, 35.458499908447266, 34.490379333496094, 33.59034729003906, 32.75254821777344, 31.971696853637695, 31.2430477142334, 30.56228256225586, 29.925424575805664, 29.328933715820312, 28.769540786743164, 28.244375228881836, 27.750717163085938, 27.286121368408203, 26.848339080810547, 26.435373306274414, 26.04534912109375, 25.67658233642578, 25.327516555786133, 24.996702194213867, 24.682861328125, 24.38475799560547, 24.101293563842773, 23.83145523071289, 23.574277877807617, 23.328903198242188, 23.094493865966797, 22.8703670501709, 22.655847549438477, 22.450307846069336]","[620.9588012695312, 423.68055704278424, 252.62707565461193, 134.5015500100251, 64.47412090511627, 30.533393583614895, 14.40246175351569, 6.688770412042632, 3.138726940117679, 1.4552566110637533, 0.655318027816499, 0.2981754006636474, 0.13436473391442696, 0.05889067164830548, 0.025306172742970146, 0.011087649333232938, 0.004116137919716359, 0.0017279163294609034, 0.0007720029658210429, 0.0003723988331293505, 0.00015212230149626107, 6.41487880322087e-05, 2.6359589432774836e-05, 1.0674416022224033e-05, 4.382155110974927e-06, 1.7765399044109179e-06, 6.619658146779066e-07, 2.650475685797483e-07, 1.31661695642654e-07, 5.292268762418144e-08, 2.2350117973647196e-08, 8.40013758446585e-09, 4.443637273615449e-09, 1.826310537037279e-09, 7.171843727283818e-10, 2.5314822748449994e-10, 9.940139103153087e-11, 3.629066318195401e-11, 1.4188085915152382e-11, 4.746819168466488e-12, 1.8204945084655383e-12, 7.214224977637069e-13, 3.046486732715322e-13, 1.1486967584078997e-13, 4.275369350392905e-14, 1.606486628907239e-14, 6.264599505226954e-15, 2.3088870761042338e-15, 8.546032211662078e-16, 3.151467695928199e-16, 1.1510547635134677e-16]","[620.9588012695312, 438.1757010722597, 309.1959476500412, 218.18218995087824, 153.95890008765699, 108.64013658281523, 76.66123406969558, 54.0955211760869, 38.172166764913214, 26.935951144370655, 19.00718574662688, 13.412301948070564, 9.464307128062957, 6.678429233185353, 4.712591890685314, 3.3254110439320126, 2.3465555404792062, 1.6558322660896998, 1.1684277001446268, 0.8244937113644244, 0.5817988395818922, 0.41054271860810404, 0.28969690610462107, 0.20442281302936002, 0.1442496816715921, 0.10178888722838937, 0.07182669273948364, 0.05068405727156139, 0.03576488856063934, 0.025237270309704737, 0.017808522221597508, 0.012566472515657843, 0.008867452870135909, 0.0062572627526226105, 0.004415398393288353, 0.0031156983080632356, 0.0021985730577843564, 0.0015514093511255166, 0.0010947423221793027, 0.0007724980844682113, 0.0005451084501045867, 0.00038465237435504894, 0.0002714275463324574, 0.00019153115337344921, 0.00013515276252628832, 9.536970303139951e-05, 6.729703548995683e-05, 4.748773291498472e-05, 3.350942223512155e-05, 2.364571457942424e-05, 1.6685450857627057e-05]"
1000,2,"[625.9947509765625, 324.563232421875, 189.47630310058594, 127.32794952392578, 97.59021759033203, 82.32748413085938, 73.5971450805664, 67.89313507080078, 63.667137145996094, 60.229251861572266, 57.264827728271484, 54.62425231933594, 52.231163024902344, 50.0421142578125, 48.029361724853516, 46.17292785644531, 44.45724105834961, 42.86928176879883, 41.39777755737305, 40.032615661621094, 38.76490783691406, 37.5865364074707, 36.490089416503906, 35.468868255615234, 34.516849517822266, 33.62849426269531, 32.79875564575195, 32.02301025390625, 31.297012329101562, 30.616897583007812, 29.979175567626953, 29.380647659301758, 28.818361282348633, 28.289562225341797, 27.791784286499023, 27.32278823852539, 26.880413055419922, 26.46270751953125, 26.067873001098633, 25.694272994995117, 25.34039878845215, 25.004858016967773, 24.686349868774414, 24.383710861206055, 24.095836639404297, 23.821731567382812, 23.560474395751953, 23.31118392944336, 23.073097229003906, 22.845439910888672, 22.627513885498047]","[625.9947509765625, 431.08922127523, 258.3873701453876, 137.18804679274328, 68.96523161089786, 33.038523204942194, 15.59478995776419, 7.247184270501414, 3.3836725734216393, 1.8147883806072855, 0.8634911883022395, 0.40932515659126284, 0.20428119538718365, 0.09884270500132263, 0.04590526409119172, 0.021384734175915503, 0.01254195351078093, 0.006088144551909318, 0.003002200597385635, 0.0014163391742914447, 0.0006280190237400288, 0.0002722707540704938, 0.0001277934590733512, 5.911571602009716e-05, 2.7097748590070796e-05, 1.2384985929857211e-05, 5.661630747210488e-06, 2.5942410040178522e-06, 1.1992517925517907e-06, 5.84671954384728e-07, 2.2581151717604246e-07, 1.005361492613411e-07, 4.4559784568924145e-08, 2.1528072621077312e-08, 9.518256120653798e-09, 4.283704460908476e-09, 1.8756070945668145e-09, 8.259223950292193e-10, 3.673377655524723e-10, 1.6044330502752273e-10, 6.989876342031738e-11, 3.0276085048841163e-11, 1.3347131574491884e-11, 6.054797815166541e-12, 2.6075455240298035e-12, 1.1245062151383005e-12, 4.761929186022459e-13, 2.0379485950854889e-13, 9.30966721394045e-14, 3.9157368333775046e-14, 1.6663929110152382e-14]","[625.9947509765625, 446.93677207087615, 319.09609132906786, 227.82264039205444, 162.65681995359267, 116.13086843294347, 82.91308416602143, 59.196832148820874, 42.26431776966455, 30.175137616224, 21.543916433725112, 15.38154825361197, 10.981848514220435, 7.84062792644853, 5.597914249263208, 3.9967008045869905, 2.853494464208473, 2.03728801713738, 1.4545472286111027, 1.0384921633383228, 0.741444452336484, 0.5293635284963175, 0.3779457037125403, 0.26983905627295407, 0.19265496491966744, 0.1375484187531915, 0.09820441175441458, 0.07011426649211722, 0.05005895639415245, 0.035740217228877214, 0.025517174539350655, 0.018218305510062524, 0.013007186792806283, 0.009286643489950648, 0.006630315123723708, 0.00473379630513984, 0.0033797530042539493, 0.002413016875559491, 0.0017228035404972396, 0.0012300171081321763, 0.0008781860791052082, 0.0006269919210353825, 0.00044764871409051684, 0.0003196043912272115, 0.00022818554745376044, 0.00016291592198354994, 0.00011631585756380351, 8.304515946679001e-05, 5.9291128959622744e-05, 4.233164215564481e-05, 3.0223204702576933e-05]"
1000,3,"[647.2013549804688, 341.9988708496094, 202.07765197753906, 136.50140380859375, 104.65157318115234, 88.08876037597656, 78.49016571044922, 72.13563537597656, 67.37114715576172, 63.45924758911133, 60.06513595581055, 57.03081130981445, 54.27565383911133, 51.7541389465332, 49.43675231933594, 47.30195236206055, 45.33234405517578, 43.513221740722656, 41.83169937133789, 40.27595138549805, 38.835506439208984, 37.50088882446289, 36.26337814331055, 35.115028381347656, 34.04865646362305, 33.057559967041016, 32.135772705078125, 31.277734756469727, 30.478351593017578, 29.732954025268555, 29.037309646606445, 28.387537002563477, 27.780078887939453, 27.211647033691406, 26.679309844970703, 26.180269241333008, 25.711963653564453, 25.27206802368164, 24.858572006225586, 24.46939468383789, 24.102663040161133, 23.756792068481445, 23.430269241333008, 23.121618270874023, 22.82952308654785, 22.552810668945312, 22.290403366088867, 22.041311264038086, 21.804574966430664, 21.579273223876953, 21.364662170410156]","[647.2013549804688, 446.06287647711815, 273.0479960102679, 149.11018635423227, 76.56819267937338, 33.78888301998883, 15.706186554870401, 7.0102051794129885, 3.0506910693723674, 1.3013665916047814, 0.46862649403702816, 0.1885390672498105, 0.07535413411973724, 0.032844999604355316, 0.015500389488303333, 0.006961034941070033, 0.0030888643077266243, 0.0013649674254565206, 0.0005983662420818394, 0.0002708037743507793, 0.00011461627941698059, 5.364156249095471e-05, 2.746544041060536e-05, 1.1422258888330031e-05, 4.898447278181133e-06, 2.0847267699859613e-06, 6.353279652654976e-07, 2.6159034217151604e-07, 1.0706918704472406e-07, 4.301791320619815e-08, 2.0525038146030415e-08, 8.293394959900693e-09, 2.5266676707420407e-09, 1.0138870104409516e-09, 3.9708638756845634e-10, 1.5628489874743854e-10, 7.728091492088891e-11, 3.02039348150275e-11, 1.1672220752518546e-11, 4.504356535804161e-12, 1.7198657125383223e-12, 6.566659745567437e-13, 3.083265446057187e-14, 1.0468441317478954e-14, 3.6879953722530104e-15, 1.2984537029300739e-15, 4.572536262955262e-16, 1.5758817438254456e-16, 5.654337883689803e-17, 1.9601192103330987e-17, 6.832609021575523e-18]","[647.2013549804688, 459.8739659634926, 326.7670299877134, 232.18685942197408, 164.98218223015536, 117.22937517302142, 83.29824601474526, 59.18821779005641, 42.056649362617, 29.88367992231156, 21.234081631166767, 15.088042165195866, 10.72092593091437, 7.617837460799548, 5.4129137681871375, 3.846188056991526, 2.732938894516824, 1.9419110273575724, 1.3798400124272256, 0.9804560729468383, 0.6966707026326618, 0.49502479641737407, 0.35174372647226354, 0.24993424573479037, 0.1775927258675483, 0.12618989521961277, 0.0896652133568419, 0.06371231604825363, 0.04527128263307496, 0.03216786264199747, 0.02285712546165896, 0.016241308606184, 0.01154038838714767, 0.00820011289456709, 0.00582665411491103, 0.004140174484341896, 0.002941833241298797, 0.0020903425332293086, 0.0014853091755460646, 0.001055398008647475, 0.000749921279014216, 0.0005328624084093424, 0.0003786295365148884, 0.00026903816756266744, 0.00019116716638568887, 0.0001358353197057856, 9.651884488545873e-05, 6.858221733641236e-05, 4.873162894107034e-05, 3.462663867517341e-05, 2.4604227931533613e-05]"
1000,4,"[606.5045166015625, 338.6725769042969, 208.09669494628906, 143.0100555419922, 109.51876831054688, 91.32109069824219, 80.5732192993164, 73.5174331665039, 68.35848999023438, 64.2361068725586, 60.7334098815918, 57.64315414428711, 54.85736846923828, 52.31581497192383, 49.98151397705078, 47.8293571472168, 45.84049987792969, 43.99965286254883, 42.293827056884766, 40.711788177490234, 39.24324035644531, 37.87911605834961, 36.6110725402832, 35.431514739990234, 34.333587646484375, 33.310874938964844, 32.357421875, 31.467927932739258, 30.637479782104492, 29.861671447753906, 29.136438369750977, 28.457813262939453, 27.822290420532227, 27.226655960083008, 26.66793441772461, 26.143388748168945, 25.650480270385742, 25.186866760253906, 24.750450134277344, 24.339250564575195, 23.951440811157227, 23.5853328704834, 23.239356994628906, 22.912109375, 22.60226058959961, 22.30865478515625, 22.030134201049805, 21.76565933227539, 21.514259338378906, 21.27503204345703, 21.04711151123047]","[606.5045166015625, 430.40726137521153, 269.69216307245824, 147.27798168150431, 73.17841617505006, 34.5326535922506, 15.91067674715067, 7.199963718001134, 3.2053302963895725, 1.526344402302957, 0.776900586146831, 0.46448411139722223, 0.2074787127129627, 0.09643565569141181, 0.04463145520788819, 0.020796518768607906, 0.009073033175556017, 0.0040318457095919625, 0.0018152459127202156, 0.0008115004688887506, 0.0004292845396075495, 0.0001916872994882449, 8.597563078510266e-05, 3.724703143956131e-05, 2.1637885253820084e-05, 9.064314556462461e-06, 3.901026300446713e-06, 1.6574552033692175e-06, 7.786724889614509e-07, 3.289267174385469e-07, 2.0320282083794622e-07, 8.588316397627301e-08, 3.616477418428825e-08, 1.5154339035962038e-08, 5.4998142684829066e-09, 1.953846410556209e-09, 7.945948899372233e-10, 3.206484009755711e-10, 1.2906354497674205e-10, 5.120489691782841e-11, 1.979621203169973e-11, 7.84915605388778e-12, 3.0805129644688242e-12, 2.760097784216281e-12, 1.0984996696920053e-12, 4.3605630575769253e-13, 1.760246371635828e-13, 6.914684769269319e-14, 2.7158713139604417e-14, 1.5035994573299172e-14, 5.9192055763862505e-15]","[606.5045166015625, 443.5672484491742, 324.403031652979, 237.2522482522788, 173.51449835084804, 126.89987707063705, 92.8082607136448, 67.87534752218357, 49.640654461482164, 36.304706573456606, 26.551457342438702, 19.418415779808914, 14.20166383089005, 10.386390828819476, 7.596089847891041, 5.555402442312257, 4.06294513546566, 2.9714360652031075, 2.173160600303744, 1.5893416149910395, 1.1623654362173073, 0.8500962880282146, 0.6217181588529663, 0.4546937499798767, 0.3325404016704252, 0.24320351609852078, 0.17786695976058853, 0.13008305094429196, 0.09513627581958999, 0.06957794202333976, 0.05088584742778399, 0.037215378798860006, 0.02721747773009336, 0.019905509977257582, 0.014557900308910876, 0.010646924477007833, 0.0077866312046197235, 0.005694754917036591, 0.00416486060696851, 0.0030459719738921724, 0.0022276724580440987, 0.001629208877449741, 0.0011915223698063513, 0.0008714202195922791, 0.0006373134221875085, 0.0004660993501968452, 0.0003408818905904089, 0.0002493040663614253, 0.00018232859890765545, 0.0001333460719867844, 9.752268717487582e-05]"
1000,5,"[621.1680908203125, 333.9035949707031, 198.8458251953125, 133.6757049560547, 101.03327178955078, 83.64364624023438, 73.4964370727539, 66.87833404541016, 62.06316375732422, 58.239803314208984, 55.01852035522461, 52.204776763916016, 49.695167541503906, 47.429893493652344, 45.37062454223633, 43.490291595458984, 41.76813507080078, 40.18731689453125, 38.7335319519043, 37.394405364990234, 36.15909194946289, 35.0179443359375, 33.962398529052734, 32.984806060791016, 32.07819747924805, 31.236265182495117, 30.453371047973633, 29.724451065063477, 29.044872283935547, 28.410476684570312, 27.81761932373047, 27.2628116607666, 26.742958068847656, 26.255268096923828, 25.797191619873047, 25.366382598876953, 24.960721969604492, 24.578279495239258, 24.217300415039062, 23.876230239868164, 23.553544998168945, 23.247888565063477, 22.95801544189453, 22.682790756225586, 22.421175003051758, 22.172197341918945, 21.934982299804688, 21.708803176879883, 21.492856979370117, 21.286426544189453, 21.088905334472656]","[621.1680908203125, 445.3800907405946, 281.31313031072295, 158.7065854210062, 82.1564082101698, 40.353299434541434, 19.389092634440416, 9.179915759098511, 4.346224865280073, 2.0529870281292752, 0.9380219489711465, 0.4593815767697543, 0.21605823732120813, 0.10313096269263786, 0.04568489286033451, 0.021038064993808055, 0.007817692501621898, 0.0035130751455075895, 0.0015696175528631395, 0.0006933285001051035, 0.0003932592065893908, 0.00017377424095211166, 7.681820359683367e-05, 3.392345584977156e-05, 1.4366496719840565e-05, 7.007115854067293e-06, 3.5917132236154042e-06, 1.0390710622649375e-06, 4.6180334382160377e-07, 1.9591521258562896e-07, 8.217813948632958e-08, 3.425546487371765e-08, 1.5497773075124425e-08, 6.3842841435563225e-09, 2.8257897182916748e-09, 1.1615556184499996e-09, 4.998664578922423e-10, 2.0443851165902443e-10, 8.316717298072098e-11, 3.448513462479633e-11, 1.389345083577069e-11, 4.4946641024115535e-12, 1.781963643982464e-12, 7.153258177171361e-13, 2.9483780891448535e-13, 1.1497475794801758e-13, 4.518482452657714e-14, 1.776444647407559e-14, 6.984060033167989e-15, 2.7325079053743913e-15, 1.0614410758472411e-15]","[621.1680908203125, 457.22678687833684, 336.55356372702425, 247.72892688699724, 182.34726305367428, 134.2214038586349, 98.79712451993262, 72.72217047951196, 53.52902834924337, 39.40142128763001, 29.00243190211479, 21.34798768035508, 15.71373668038372, 11.566500981619912, 8.513821230364886, 6.2668176017791835, 4.6128526535065895, 3.3954091143360747, 2.4992784117985094, 1.839658306066447, 1.3541279223245315, 0.9967407664631397, 0.7336767369984314, 0.5400416763555455, 0.3975115980834641, 0.29259865956500236, 0.2153747865270087, 0.15853216395630687, 0.11669168621795789, 0.0858939239367433, 0.06322443704747552, 0.046537976806299286, 0.034255477571075145, 0.02521462736780595, 0.01855987650378433, 0.013661475571736742, 0.010055881285584253, 0.00740189065952474, 0.005448352439691354, 0.004010400271029769, 0.002951958507072415, 0.0021728651602249305, 0.0015993934173558803, 0.0011772747569925215, 0.0008665634348696381, 0.0006378563561248904, 0.00046951061477701204, 0.00034559539192727934, 0.000254384397630913, 0.00018724619387187636, 0.00013782738818115178]"
1000,6,"[594.75634765625, 321.5684509277344, 195.13348388671875, 135.00277709960938, 105.11359405517578, 89.07394409179688, 79.45185089111328, 72.89541625976562, 67.89317321777344, 63.75764083862305, 60.16828918457031, 56.96861267089844, 54.07542037963867, 51.43952941894531, 49.02812576293945, 46.816322326660156, 44.784034729003906, 42.91438293457031, 41.19252395629883, 39.604942321777344, 38.13990783691406, 36.78676223754883, 35.53581237792969, 34.378292083740234, 33.3061408996582, 32.31209945678711, 31.38959503173828, 30.532670974731445, 29.735933303833008, 28.994394302368164, 28.303537368774414, 27.659217834472656, 27.057716369628906, 26.495590209960938, 25.969755172729492, 25.477378845214844, 25.015836715698242, 24.582725524902344, 24.175865173339844, 23.793188095092773, 23.432905197143555, 23.093307495117188, 22.772859573364258, 22.470172882080078, 22.184001922607422, 21.913095474243164, 21.656352996826172, 21.412734985351562, 21.181316375732422, 20.961259841918945, 20.751771926879883]","[594.75634765625, 401.7624131834667, 241.44097015182894, 128.42189112381305, 63.24600479635105, 31.700966359896064, 15.289770271862404, 7.137492988392284, 3.252939113375055, 1.5512899215950633, 0.7307214749704607, 0.34268819484400886, 0.17073562288413463, 0.0801985911741988, 0.037384540609875144, 0.018581707583152703, 0.008817949536232153, 0.004034559251697289, 0.00185245499350911, 0.000829128414026005, 0.00036983795161442314, 0.0001660675272208838, 7.442355386042656e-05, 3.2708625358936394e-05, 1.302749810522523e-05, 5.499608514720357e-06, 2.32769285283439e-06, 9.925714111626513e-07, 4.285919405222589e-07, 1.9602942366069244e-07, 8.280549113245708e-08, 3.472680349299368e-08, 1.4569025677814417e-08, 5.488416422592213e-09, 2.251731325053578e-09, 9.266716782010432e-10, 3.770089355718378e-10, 1.5302897486490566e-10, 9.97329564135352e-11, 8.195353157983636e-11, 2.915390610243438e-11, 1.2486862219863936e-11, 5.039742053113731e-12, 2.1147845848969032e-12, 8.738821943856687e-13, 3.9289684468305803e-13, 1.6769986553288236e-13, 4.5614415819858665e-14, 1.809936004666393e-14, 7.305329736399403e-15, 2.889368804576505e-15]","[594.75634765625, 415.3414371957856, 290.0490429932579, 202.55250212766015, 141.4502723221515, 98.78021416590808, 68.98205673609446, 48.17284707997789, 33.64096847197485, 23.4927937278339, 16.40592950224754, 11.456897206475116, 8.000795906245678, 5.587266253660667, 3.901804839806737, 2.724781729878141, 1.902820817620766, 1.3288136162498738, 0.9279621130795206, 0.6480319533007273, 0.4525458599868176, 0.3160303351525775, 0.22069624665124496, 0.15412075319425203, 0.10762850263919317, 0.0751611599364208, 0.052487954625980805, 0.0366543755198759, 0.02559717280518762, 0.017875499072773592, 0.012483154664485904, 0.008717471313280512, 0.006087748501111624, 0.004251311014505691, 0.002968855454320617, 0.0020732669707238796, 0.0014478427791555155, 0.0010110847964846818, 0.0007060797487132848, 0.0004930828880785852, 0.00034433891491575104, 0.0002404652264194165, 0.00016792619890519453, 0.00011726938110195706, 8.189375948299777e-05, 5.718959014909616e-05, 3.993771005348249e-05, 2.7890052720394333e-05, 1.947670609318142e-05, 1.360133966196414e-05, 9.498343288390227e-06]"
1000,7,"[628.4423217773438, 323.7456359863281, 189.02899169921875, 127.83519744873047, 98.69406127929688, 83.56382751464844, 74.64118957519531, 68.5741958618164, 63.92333984375, 60.062313079833984, 56.709136962890625, 53.72773742675781, 51.04497146606445, 48.615577697753906, 46.407676696777344, 44.39627456665039, 42.560546875, 40.8825569152832, 39.346500396728516, 37.9383544921875, 36.645713806152344, 35.45741271972656, 34.36348342895508, 33.35498046875, 32.4239501953125, 31.563215255737305, 30.766366958618164, 30.027616500854492, 29.341707229614258, 28.703933715820312, 28.11004638671875, 27.556291580200195, 27.039207458496094, 26.555706024169922, 26.10299301147461, 25.67852020263672, 25.28000259399414, 24.905309677124023, 24.552532196044922, 24.21994400024414, 23.905973434448242, 23.609189987182617, 23.328266143798828, 23.062028884887695, 22.809370040893555, 22.569299697875977, 22.34093475341797, 22.123437881469727, 21.916025161743164, 21.717971801757812, 21.528648376464844]","[628.4423217773438, 414.810917732695, 237.28202236498282, 118.77548201436595, 55.05415107616471, 24.572730254328718, 10.783047869122608, 4.781097200696539, 2.108464654937441, 0.9286845663225508, 0.41145258525066153, 0.18646930737647602, 0.07785830115946663, 0.033942872245305226, 0.014737804338373314, 0.006396316296520821, 0.0027154153785283507, 0.0011530162876403117, 0.000527465978726365, 0.00022288756066641074, 9.120515624369865e-05, 4.382707695643258e-05, 1.82976074280075e-05, 7.389039075567091e-06, 3.2229135578491556e-06, 1.1542672400958027e-06, 4.624939610846983e-07, 1.873400806437258e-07, 7.852049504655448e-08, 4.328080523515305e-08, 1.7082880373985854e-08, 6.618675303601897e-09, 2.2039752982169326e-09, 9.470753539111758e-10, 3.6228239162102937e-10, 1.3668253298343123e-10, 5.0813326280546755e-11, 1.91553183948754e-11, 7.202688870933724e-12, 2.7677785082573503e-12, 1.0368715360938451e-12, 3.849768050636902e-13, 1.403745423926289e-13, 5.002691146622345e-14, 1.8138210225343478e-14, 6.540157900093188e-15, 2.346001859783016e-15, 8.630986337995887e-16, 3.2208093285639965e-16, 1.1480079960016333e-16, 4.06537536749009e-17]","[628.4423217773438, 432.55663624619694, 297.7285855469739, 204.92648412715477, 141.0508292966424, 97.08523781106648, 66.82373615123225, 45.994754855516284, 31.6581741169231, 21.790310472699865, 14.998263284010317, 10.323299515090408, 7.105523543641278, 4.890729437370037, 3.3662874076271456, 2.317014477260216, 1.5948002763132043, 1.0977004875412497, 0.7555468720721847, 0.5200426549656703, 0.3579451824636831, 0.24637354729568736, 0.16957882877280764, 0.11672105014360275, 0.08033905909845532, 0.05529734704137981, 0.038061145153162355, 0.0261974732582749, 0.018031711929744863, 0.012411221185791325, 0.008542639319150605, 0.005879895736661546, 0.004047130234856767, 0.002785638363579473, 0.0019173539378132592, 0.001319714062999955, 0.0009083587405182968, 0.0006252230120215175, 0.00043034078643666083, 0.000296203416877033, 0.0002038767110505868, 0.00014032827084523543, 9.658790107482005e-05, 6.648141944489713e-05, 4.575913838302216e-05, 3.1495999379076004e-05, 2.1678685655821126e-05, 1.4921431960534028e-05, 1.0270416541284226e-05, 7.06912421076439e-06, 4.865675788936076e-06]"
1000,8,"[634.6767578125, 323.10723876953125, 185.8500213623047, 123.95523071289062, 94.89561462402344, 80.14736938476562, 71.68811798095703, 66.07241821289062, 61.82493209838867, 58.30970764160156, 55.24607467651367, 52.50338363647461, 50.015106201171875, 47.742496490478516, 45.65928649902344, 43.74570846557617, 41.98554992675781, 40.364715576171875, 38.8705940246582, 37.4920768737793, 36.219200134277344, 35.04286193847656, 33.954734802246094, 32.94740295410156, 32.01383972167969, 31.147865295410156, 30.343854904174805, 29.596637725830078, 28.901517868041992, 28.25424575805664, 27.650863647460938, 27.087753295898438, 26.56174087524414, 26.069856643676758, 25.609357833862305, 25.177824020385742, 24.772924423217773, 24.392562866210938, 24.034807205200195, 23.69799041748047, 23.380474090576172, 23.08090591430664, 22.797801971435547, 22.529930114746094, 22.276132583618164, 22.035398483276367, 21.806774139404297, 21.589370727539062, 21.382369995117188, 21.185026168823242, 20.996557235717773]","[634.6767578125, 414.7284080733133, 234.5924903779201, 116.76983067395236, 55.66358129640144, 25.467418805333914, 12.495081402327568, 5.842771230585654, 2.644424551008991, 1.1893588199410932, 0.5366445978672463, 0.24777936684254506, 0.11188871582474245, 0.05035079873824774, 0.02452782699670596, 0.011281894070816652, 0.005134866420217662, 0.002898433933651738, 0.0013357994458897795, 0.000604385709845196, 0.0002722765752673506, 0.00012142806881371539, 5.346381930732056e-05, 2.3610498844105122e-05, 1.0299322860788576e-05, 4.4760225318306205e-06, 1.9475810593602014e-06, 1.2392249138198127e-06, 6.360485492741511e-07, 2.7799231614149675e-07, 1.211155318690065e-07, 5.258821915262273e-08, 2.2636888748738443e-08, 1.6289228386240676e-08, 7.110863919552538e-09, 3.123047659969955e-09, 1.361055519851155e-09, 4.1703579209997185e-10, 1.7740604527616577e-10, 7.566132281520465e-11, 3.121095562685765e-11, 1.324266244324023e-11, 5.515476968102685e-12, 3.78974613188131e-12, 1.5305260127180143e-12, 6.475060922240658e-13, 2.809661001644052e-13, 1.1735821879984048e-13, 4.972334165636614e-14, 1.7380681288971268e-14, 7.39718549447922e-15]","[634.6767578125, 432.0487130309388, 294.1120627688662, 200.21331589978178, 136.292852072129, 92.77975064981922, 63.15872035671435, 42.99455354383856, 29.26803494424322, 19.923869394852733, 13.562938968037148, 9.232810645618082, 6.285126890176912, 4.278525959413351, 2.9125560557869132, 1.9826881637675426, 1.349691569689573, 0.9187866082932253, 0.6254531409521409, 0.4257698447015806, 0.28983779725087266, 0.19730366008921368, 0.13431213821606827, 0.09143140306680217, 0.06224084865148798, 0.04236972321235237, 0.028842689069735777, 0.01963432021030823, 0.013365831777641864, 0.009098632251827608, 0.00619378653204951, 0.004216347088529934, 0.0028702285232087726, 0.001953874195474153, 0.0013300768008088272, 0.0009054340858524568, 0.0006163635688743256, 0.00041958222577607047, 0.00028562564868771017, 0.00019443628966260185, 0.00013236020963612393, 9.010265072080497e-05, 6.133631617261859e-05, 4.175397340179186e-05, 2.842352465268885e-05, 1.93489789799823e-05, 1.3171589102422612e-05, 8.96640384293894e-06, 6.103773603132149e-06, 4.155071849416198e-06, 2.8285161272940423e-06]"
1000,9,"[619.6099243164062, 318.6166687011719, 186.4921112060547, 126.80277252197266, 98.49736022949219, 83.8457260131836, 75.2175521850586, 69.3463134765625, 64.83224487304688, 61.06764221191406, 57.779903411865234, 54.83851623535156, 52.174285888671875, 49.745182037353516, 47.52207565307617, 45.482666015625, 43.608619689941406, 41.883853912353516, 40.294315338134766, 38.827632904052734, 37.472686767578125, 36.219547271728516, 35.059268951416016, 33.983848571777344, 32.985965728759766, 32.059017181396484, 31.197021484375, 30.3944091796875, 29.646474838256836, 28.94872283935547, 28.297191619873047, 27.688032150268555, 27.118017196655273, 26.584047317504883, 26.083354949951172, 25.61337661743164, 25.17176055908203, 24.756380081176758, 24.365236282348633, 23.996559143066406, 23.648664474487305, 23.320026397705078, 23.009252548217773, 22.71506118774414, 22.436281204223633, 22.171873092651367, 21.920787811279297, 21.6821231842041, 21.455007553100586, 21.23868179321289, 21.032367706298828]","[619.6099243164062, 423.69710015988386, 250.39961455209541, 131.91879125282532, 65.07527020105026, 30.982744383998764, 14.594703392272702, 6.551284037417397, 3.0710393528895303, 1.4093602482844263, 0.6495008622170165, 0.2987210051492786, 0.12869726838906512, 0.0617067458012706, 0.02749690492497625, 0.012003401887778702, 0.005107697703979674, 0.0022100435219572574, 0.0009255542510011687, 0.0003730259750931867, 0.00015223474065729294, 5.608186643519135e-05, 2.2066248972185813e-05, 8.647900680043494e-06, 3.8070418160243693e-06, 1.5604904175514248e-06, 6.394469410125705e-07, 2.578359304856624e-07, 1.038551685197243e-07, 4.157716244095699e-08, 1.8156068733730557e-08, 7.215187479227574e-09, 1.918752123752823e-09, 7.463542532039638e-10, 3.4637953323373173e-10, 2.609601383229344e-10, 1.0184204727459233e-10, 5.198598915687419e-11, 2.220675652464748e-11, 8.78018386773689e-12, 3.6133756384924786e-12, 1.4444892338153977e-12, 5.69442809447457e-13, 5.523230529583806e-14, 1.9778347312635087e-14, 7.344570806532211e-15, 2.758046207325532e-15, 1.016549840719822e-15, 3.79458239118275e-16, 1.3902131941960071e-16, 4.998612330395847e-17]","[619.6099243164062, 445.3053783514429, 320.0350288247815, 230.004901476948, 165.30145121203108, 118.7999455548214, 85.37993441887774, 61.36141870543151, 44.099632204809694, 31.693816760259207, 22.777922867196445, 16.37018898886659, 11.765036219221907, 8.455374420768164, 6.07676468335674, 4.367289628971504, 3.138712735670095, 2.255750928838142, 1.6211780693169413, 1.1651190292484588, 0.8373554873517589, 0.601796206736385, 0.4325028974106013, 0.3108340567365949, 0.2233922857067095, 0.16054905256265903, 0.11538446010892527, 0.08292527063921569, 0.059597284626504446, 0.042831772600485256, 0.030782622993595306, 0.022123060075152877, 0.015899547845245512, 0.011426792714230983, 0.008212283330626128, 0.005902058363103731, 0.004241730529629307, 0.0030484750876857945, 0.002190898336263021, 0.0015745693770730306, 0.0011316219845440199, 0.0008132816086413395, 0.0005844946315891545, 0.0004200684863970697, 0.00030189761158996994, 0.00021696978191688537, 0.00015593328485486043, 0.00011206716949617191, 8.054117817484212e-05, 5.788386920946771e-05, 4.1600363821165714e-05]"
